{"schemaVersion":"1.0","appDefinitionTemplate":{"id":"/providers/Microsoft.PowerApps/apps/","type":"Microsoft.PowerApps/apps","tags":{"primaryDeviceWidth":"1366","primaryDeviceHeight":"768","sienaVersion":"20200430T101753Z-3.20023.8.0","deviceCapabilities":"","supportsPortrait":"false","supportsLandscape":"true","primaryFormFactor":"Tablet","publisherVersion":"3.20023.8","minimumRequiredApiVersion":"2.2.0","hasComponent":"false","hasUnlockedComponent":"false"},"properties":{"appVersion":"2020-04-30T10:17:53Z","lifeCycleId":"Published","createdByClientVersion":{"major":3,"minor":20023,"build":8,"revision":0,"majorRevision":0,"minorRevision":0},"minClientVersion":{"major":3,"minor":20023,"build":8,"revision":0,"majorRevision":0,"minorRevision":0},"backgroundColor":"rgba(76, 74, 72, 1)","backgroundImageUri":"/6942809989977616507/N298507fb-0a0f-4f9d-8f08-99a7753c3e61-logoSmallFile","displayName":"All Things 365 MSM Showcase","description":"","commitMessage":"","appUris":{"documentUri":{"value":"/6942809989977616507/N4e9b0287-d75c-45f7-854c-3d17166f038d-document.msapp","readonlyValue":"/6942809989977616507/N4e9b0287-d75c-45f7-854c-3d17166f038d-document.msapp"},"imageUris":[]},"createdTime":"0001-01-01T00:00:00Z","lastModifiedTime":"0001-01-01T00:00:00Z","sharedGroupsCount":0,"sharedUsersCount":0,"icons":{"smallIconUri":"/6942809989977616507/N2525dd52-8eb5-4a95-9960-25e719f41cf0-small.png","mediumIconUri":"/6942809989977616507/Nab5a868d-5892-4481-96ac-e7a178007cb9-medium.png","largeIconUri":"/6942809989977616507/Ndada01b9-02b5-412f-a7e7-114b92a75217-large.png","wideIconUri":"/6942809989977616507/N4e8d9eab-d50a-46d4-832f-8859e7138798-wide.png"},"connectionReferences":{"4a6fcaaa-8334-44cd-8f7d-c1ef0af89d18":{"id":"23e84b48-ff96-4a08-9355-e2a0c98260fc","displayName":"Logic flows","iconUri":"https://resourcestackdeploy.blob.core.windows.net/scripts/13276078.png","dataSources":["SharePoint_MSM_Showcase"],"dependencies":["42807617-6475-4998-9d4a-c73e131ca75a"],"dependents":[],"parameterHints":{"workflowName":{"value":"2f44ab57-52a2-43e4-8121-3e61a6785714"},"42807617-6475-4998-9d4a-c73e131ca75a":{"value":"shared_sharepointonline"}},"isOnPremiseConnection":false,"bypassConsent":false,"dataSets":{},"apiTier":"Standard","isCustomApiConnection":false},"42807617-6475-4998-9d4a-c73e131ca75a":{"id":"d48c83ee-d64d-4ed3-ad98-ea7546076dd7","displayName":"SharePoint","iconUri":"https://connectoricons-prod.azureedge.net/sharepointonline/icon_1.0.1329.1953.png","dataSources":[],"dependencies":[],"dependents":["4a6fcaaa-8334-44cd-8f7d-c1ef0af89d18"],"parameterHints":{},"isOnPremiseConnection":false,"bypassConsent":false,"dataSets":{},"apiTier":"Standard","isCustomApiConnection":false}},"databaseReferences":{},"almMode":"Environment","performanceOptimizationEnabled":false,"canConsumeAppPass":true},"isAppComponentLibrary":false,"appType":"ClassicCanvasApp","appComponents":[]}}