{"name":"bf924c4a-605c-4bef-9441-2a4905696282","id":"/providers/Microsoft.Flow/flows/bf924c4a-605c-4bef-9441-2a4905696282","type":"Microsoft.Flow/flows","properties":{"apiId":"/providers/Microsoft.PowerApps/apis/shared_logicflows","displayName":"SharePoint_MSM_Showcase","definition":{"metadata":{"workflowEntityId":null,"creator":{"id":"cde2f6ec-1160-4c6b-aea2-666af8a79bf6","type":"User","tenantId":"6298d0a5-0e67-439e-8f40-a39ab6f8b9ec"},"provisioningMethod":"FromDefinition","failureAlertSubscription":true,"clientLastModifiedTime":"2020-04-30T09:52:44.2684278Z"},"$schema":"https://schema.management.azure.com/providers/Microsoft.Logic/schemas/2016-06-01/workflowdefinition.json#","contentVersion":"1.0.0.0","parameters":{"$connections":{"defaultValue":{},"type":"Object"},"$authentication":{"defaultValue":{},"type":"SecureObject"}},"triggers":{"manual":{"type":"Request","kind":"PowerApp","inputs":{"schema":{"type":"object","properties":{"LibraryUrl_Value":{"type":"string","description":"Enter initial value","x-ms-powerflows-param-ispartial":false},"NextHref_Value":{"type":"string","description":"Enter initial value","x-ms-powerflows-param-ispartial":false},"FilterExpression_Value":{"type":"string","description":"Enter initial value","x-ms-powerflows-param-ispartial":false},"PageSize_Value":{"type":"integer","description":"Enter initial value","x-ms-powerflows-param-ispartial":false},"RLDASQueryFilter_Value":{"type":"string","description":"Enter initial value. This parameter is used as part of \"DC7FD3A5-5C43-4DCE-AAE2-DCB3C7008E68\"","x-ms-powerflows-param-ispartial":true}},"required":["LibraryUrl_Value","NextHref_Value","FilterExpression_Value","PageSize_Value","RLDASQueryFilter_Value"]}}}},"actions":{"LibraryUrl":{"runAfter":{},"type":"InitializeVariable","inputs":{"variables":[{"name":"LibraryUrl","type":"string","value":"@triggerBody()['LibraryUrl_Value']"}]},"description":"The LibraryUrl_Value parameter for this Flow is the full URL to the Library being queried, e.g.: https:/tenant.sharepoint.com/teams/allthings365/msmdemo/Shared%20Documents"},"NextHref":{"runAfter":{"LibraryUrl":["Succeeded"]},"type":"InitializeVariable","inputs":{"variables":[{"name":"NextHref","type":"string","value":"@{if( equals( toUpper( triggerBody()['NextHref_Value'] ), 'FALSE' ), '', triggerBody()['NextHref_Value'] )}"}]},"description":"This variable is used to manage paging when the total number of items in a Library exceeds the number specified in the PageSize variable. For the first page of results the input parameter specified when running this Flow should be \"false\"."},"TenantUrl":{"runAfter":{"HostName":["Succeeded"]},"type":"InitializeVariable","inputs":{"variables":[{"name":"TenantUrl","type":"string","value":"@{concat( 'https://', variables('HostName') )}"}]},"description":"For readiblity the tenant root URL is extracted from the LibraryUrl into the TenantUrl variable."},"HostName":{"runAfter":{"NextHref":["Succeeded"]},"type":"InitializeVariable","inputs":{"variables":[{"name":"HostName","type":"string","value":"@{uriHost( variables('LibraryUrl') )}"}]},"description":"For readiblity the tenant name is extracted from the LibraryUrl into the HostName variable"},"SiteRelativePath":{"runAfter":{"TenantUrl":["Succeeded"]},"type":"InitializeVariable","inputs":{"variables":[{"name":"SiteRelativePath","type":"string","value":"@{replace( substring( variables('LibraryUrl'), 0, lastIndexOf( variables('LibraryUrl'), '/' ) ), variables('TenantUrl'), '' )}"}]},"description":"For readability the relative path to the site/web containing the Library being queried is extracted from the LibraryUrl variable into the SiteRelativePath variable, e.g.: /teams/allthings365/msmdemo"},"RenderOptions":{"runAfter":{"LibraryName":["Succeeded"]},"type":"InitializeVariable","inputs":{"variables":[{"name":"RenderOptions","type":"integer","value":4103}]},"description":"This variable determines what data is returned when querying the RenderListDataAsStream API. https://docs.microsoft.com/en-us/sharepoint/dev/sp-add-ins/working-with-lists-and-list-items-with-rest"},"DatesInUtc":{"runAfter":{"RenderOptions":["Succeeded"]},"type":"InitializeVariable","inputs":{"variables":[{"name":"DatesInUtc","type":"boolean","value":true}]},"description":"Specifies that the RenderListDataAsStream API should return DateTime fields in UTC format."},"PageSize":{"runAfter":{"FilterExpression":["Succeeded"]},"type":"InitializeVariable","inputs":{"variables":[{"name":"PageSize","type":"integer","value":"@int( triggerBody()['PageSize_Value'] )"}]},"description":"The PageSize_Value parameter passed to instantiate this Flow determines the maximum number of rows to be returned when querying the RenderListDataAsStream API. The Page Size can be any value up to 5000, the threshold limit for the API."},"ViewXML":{"runAfter":{"Set_variable_RLDASQueryFilter":["Succeeded"]},"type":"InitializeVariable","inputs":{"variables":[{"name":"ViewXML","type":"string","value":"\n        <View Scope=\\\"RecursiveAll\\\">\t\n            <ViewFields>\n                    <FieldRef Name=\\\"ID\\\" />\n                    <FieldRef Name=\\\"ContentType\\\" />\n                    <FieldRef Name=\\\"Title\\\" />\n                    <FieldRef Name=\\\"FileLeafRef\\\" />\n                    <FieldRef Name=\\\"File_x0020_Type\\\" />\n                    <FieldRef Name=\\\"DocIcon\\\" />\n                    <FieldRef Name=\\\"FileSizeDisplay\\\" />\n                    <FieldRef Name=\\\"SMTotalSize\\\" />\n                    <FieldRef Name=\\\"FileRef\\\" />\n                    <FieldRef Name=\\\"FileDirRef\\\" />\n                    <FieldRef Name=\\\"ServerUrl\\\" />\n                    <FieldRef Name=\\\"EncodedAbsUrl\\\" />\n                    <FieldRef Name=\\\"Created\\\" />\n                    <FieldRef Name=\\\"Created_x0020_Date\\\" />\n                    <FieldRef Name=\\\"Author\\\" />\n                    <FieldRef Name=\\\"Modified\\\" />\n                    <FieldRef Name=\\\"Last_x0020_Modified\\\" />\n                    <FieldRef Name=\\\"Editor\\\" />\n                    <FieldRef Name=\\\"MetaInfo\\\" />\n                    <FieldRef Name=\\\"MetaInfo.\\\"/>\n                    <FieldRef Name=\\\"MediaServiceMetadata\\\" />\n                    <FieldRef Name=\\\"MediaServiceAutoTags\\\" />\n                    <FieldRef Name=\\\"MediaServiceLocation\\\" />\n                    <FieldRef Name=\\\"ItemChildCount\\\" />\n                    <FieldRef Name=\\\"FolderChildCount\\\" />\n                    <FieldRef Name=\\\"SMTotalFileCount\\\" />\n                    <FieldRef Name=\\\"_UIVersionString\\\" />\n                    <FieldRef Name=\\\"GUID\\\" />\n                    <FieldRef Name=\\\"ParentVersionString\\\" />\n                    <FieldRef Name=\\\"ParentLeafName\\\" />\n                    <FieldRef Name=\\\"ParentUniqueId\\\" />\n            </ViewFields>\n            <RowLimit Paged=\\\"TRUE\\\">@{variables('PageSize')}</RowLimit>\n        </View>"}]},"description":"For readability the ViewXML variable contains the XML CAML View parameter to be used when the RenderListDataAsStream API is called for the Library being queried."},"LibraryName":{"runAfter":{"SiteRelativePath":["Succeeded"]},"type":"InitializeVariable","inputs":{"variables":[{"name":"LibraryName","type":"string","value":"@{decodeUriComponent(replace( variables('LibraryUrl'), concat( variables('TenantUrl'), variables('SiteRelativePath'), '/' ), '' ))}"}]},"description":"For readability the name of the Library being queried is extracted from the LibraryUrl variable into the LibraryName variable, e.g.: Shared%20Documents"},"Graph_API_-_Get_List_Metadata":{"runAfter":{"ViewXML":["Succeeded"]},"metadata":{"flowSystemMetadata":{"swaggerOperationId":"HttpRequest"}},"type":"ApiConnection","inputs":{"host":{"connection":{"name":"@json(decodeBase64(triggerOutputs().headers['X-MS-APIM-Tokens']))['$connections']['shared_sharepointonline']['connectionId']"},"api":{"runtimeUrl":"https://flow-apim-europe-001-francecentral-01.azure-apim.net/apim/sharepointonline"}},"method":"post","body":{"method":"GET","uri":"_api/v2.0/sites/@{variables('HostName')}:@{variables('SiteRelativePath')}:/lists?$select=name,webUrl,displayName,system","headers":{"Accept":"application/json"}},"path":"/datasets/@{encodeURIComponent(encodeURIComponent(variables('TenantUrl')))}/httprequest","authentication":{"type":"Raw","value":"@json(decodeBase64(triggerOutputs().headers['X-MS-APIM-Tokens']))['$ConnectionKey']"}},"description":"This step in the Flow queries the Graph v2.0 API to obtain the displayName of the Library being queried. The displayName for the Library is required by the RenderDataAsStream API, e.g. \"Share Documents\" = \"Name\" & \"Documents\" =\"displayName\"."},"Filter_Library_Queried":{"runAfter":{"Graph_API_-_Get_List_Metadata":["Succeeded"]},"type":"Query","inputs":{"from":"@array( body('Graph_API_-_Get_List_Metadata')['Value'] )","where":"@equals(item()['webUrl'], variables('LibraryUrl'))"},"description":"The LibraryUrl_Value input parameter specifies the actual name of the Library however the URL is encoded, e.g. \"Shared%20Documents\". To determine the \"displayName\" for the Library we match the \"webUrl\" to value of the \"LibraryUrl\" variable."},"Send_an_HTTP_request_to_SharePoint_-_RenderListDataAsStream":{"runAfter":{"LibraryTitle":["Succeeded"]},"metadata":{"flowSystemMetadata":{"swaggerOperationId":"HttpRequest"}},"type":"ApiConnection","inputs":{"host":{"connection":{"name":"@json(decodeBase64(triggerOutputs().headers['X-MS-APIM-Tokens']))['$connections']['shared_sharepointonline']['connectionId']"},"api":{"runtimeUrl":"https://flow-apim-europe-001-francecentral-01.azure-apim.net/apim/sharepointonline"}},"method":"post","body":{"method":"POST","uri":"_api/web/lists/GetbyTitle('@{variables('LibraryTitle')}')/RenderListDataAsStream@{variables('NextHref')}","headers":{"Accept":"application/json;odata=verbose"},"body":"{\n    \"parameters\": {\n        \"RenderOptions\": @{variables('RenderOptions')},\n        \"DatesInUtc\": \"@{variables('DatesInUtc')}\",\n        \"ViewXml\": \"@{variables('ViewXML')}\"\n    }\n}"},"path":"/datasets/@{encodeURIComponent(encodeURIComponent(variables('TenantUrl'),variables('SiteRelativePath')))}/httprequest","authentication":{"type":"Raw","value":"@json(decodeBase64(triggerOutputs().headers['X-MS-APIM-Tokens']))['$ConnectionKey']"}},"description":"Having initialized the values of the variables defined in the earlier steps in the Flow, in this step the RenderListDataAsStream REST API is invoked to return a result set of files in the Libary being queried; filtered and/or paged where applicable."},"LibraryTitle":{"runAfter":{"Filter_Library_Queried":["Succeeded"]},"type":"InitializeVariable","inputs":{"variables":[{"name":"LibraryTitle","type":"string","value":"@{first( body('Filter_Library_Queried') )['displayName']}"}]},"description":"For readability the LibraryTitle variable is set to the \"displayName\" of the Library being queried."},"Fields_To_Return":{"runAfter":{"Condition":["Succeeded"]},"type":"Select","inputs":{"from":"@variables('QueryResults')","select":{"ID":"@item()['ID']","ContentType":"@item()?['ContentType']","Title":"@if( empty( item()['Title'] ), item()['FileLeafRef.Name'], item()['Title'] )","URIs":"@json( concat( '{',\n' \"HttpRoot\": \"', body('Send_an_HTTP_request_to_SharePoint_-_RenderListDataAsStream')['HttpRoot'], '\", ', \n' \"WebUrl\": \"', body('Send_an_HTTP_request_to_SharePoint_-_RenderListDataAsStream')['WebUrl'], '\", ', \n' \"ListUrl\": \"', body('Send_an_HTTP_request_to_SharePoint_-_RenderListDataAsStream')['ListUrl'], '\", ',\n' \"ListUrlDir\": \"', body('Send_an_HTTP_request_to_SharePoint_-_RenderListDataAsStream')['listUrlDir'], '\", ',\n' \"FileDirRef\": \"', item()['FileDirRef'], '\", ',\n' \"ServerRedirectedEmbedUrl\": \"', item()['ServerRedirectedEmbedUrl'], '\", ',\n' }' ) )","Counters":"@json( concat( '{', \n' \"ItemChildCount\": \"', item()['ItemChildCount'], '\", ', \n' \"FolderChildCount\": \"', item()['FolderChildCount'], '\", ', \n' \"SMTotalFileCount\": \"', item()['SMTotalFileCount'], '\", ',\n' \"LibraryTotalItemCount\": \"', body('Send_an_HTTP_request_to_SharePoint_-_RenderListDataAsStream')['ListSchema']['ItemCount'], '\", ',\n' }' ) )","Properties":"@json( concat( '{',\n' \"Name\": \"', item()['FileLeafRef.Name'], '\", ', \n' \"Suffix\": \"', item()['FileLeafRef.Suffix'], '\", ', \n' \"FileType\": \"', item()['File_x0020_Type'], '\", ',\n' \"FileRef\": \"', item()['FileRef'], '\", ',\n' \"FileRefEncodedAsUrl\": \"', item()['FileRef.urlencoding'], '\", ',\n' \"Size\": ', item()['File_x0020_Size'], ', ',\n' \"Version\": \"', item()['_UIVersionString'], '\", ',\n' \"HTMLFileType\": \"', item()['HTML_x0020_File_x0020_Type.File_x0020_Type.mapall'], '\", ',\n' \"GUID\": \"', item()['GUID'], '\", ',\n' \"ParentUniqueId\": \"', item()['ParentUniqueId'], '\", ',\n' }' ) )","Created":"@item()['Created']","CreatedBy":"@item()['Author']","Author.Picture":"@item()['Author.picture']","Modified":"@item()['Modified']","ModifiedBy":"@item()['Editor']","Editor.Picture":"@item()['Editor.picture']","FileName":"@item()['FileLeafRef']","MetaInfo":"@item()?['Metainfo']","MetaInfo.String":"@item()['Metainfo.']","MediaServiceMetadata":"@if( not( empty( item()?['MediaServiceMetadata'] ) ),\n    json( item()?['MediaServiceMetadata'] ), \n    json(If( greater( indexOf( item()?['MetaInfo.'],'vti_mediaservicemetadata:SW|{' ), 0 ), \n      concat(\n        '{\"',\n        substring(\n            substring(\n                substring( item()?['MetaInfo.'], indexOf( item()?['MetaInfo.'],'generationTime' ) ),\n                0,\n                indexof( substring( item()?['MetaInfo.'], indexOf( item()?['MetaInfo.'],'generationTime' ) ), 'vti_' ) \n            ),\n            0,\n            add(\n              lastindexof( \n                substring(\n                    substring( item()?['MetaInfo.'], indexOf( item()?['MetaInfo.'],'generationTime' ) ),\n                    0,\n                    indexof( substring( item()?['MetaInfo.'], indexOf( item()?['MetaInfo.'],'generationTime' ) ), 'vti_' ) \n                ),\n                '}'\n              ),\n              1\n            )\n        )\n      ),\n      ''\n    ))\n)","MediaServiceAutoTags":"@item()?['MediaServiceAutoTags']","ThumbnailUrl":"@concat(replace(replace(replace(replace(replace(body('Send_an_HTTP_request_to_SharePoint_-_RenderListDataAsStream')['ListSchema']?['.thumbnailUrl'],'{.mediaBaseUrl}',body('Send_an_HTTP_request_to_SharePoint_-_RenderListDataAsStream')['ListSchema']?['.mediaBaseUrl']),'{.fileType}','jpg'),'{.callerStack}',body('Send_an_HTTP_request_to_SharePoint_-_RenderListDataAsStream')['ListSchema']?['.callerStack']),'{.spItemUrl}',concat(replace(body('Send_an_HTTP_request_to_SharePoint_-_RenderListDataAsStream')['ListSchema']?['.driveUrl'],':','%3A'),'%2Froot%3A',replace(item()['FileRef.urlencode'],replace(body('Send_an_HTTP_request_to_SharePoint_-_RenderListDataAsStream')['listUrlDir'],'/','%2F'),''),'%3A%3Fversion%3DPublished&encodeFailures%3D1')),'{.driveAccessToken}',body('Send_an_HTTP_request_to_SharePoint_-_RenderListDataAsStream')['ListSchema']?['.driveAccessToken']),'&width=200&height=200') ","NextHref":"@if( greaterOrEquals(body('Send_an_HTTP_request_to_SharePoint_-_RenderListDataAsStream')['ListData']['LastRow'], int(body('Send_an_HTTP_request_to_SharePoint_-_RenderListDataAsStream')['ListSchema']['ItemCount'])), '', body('Send_an_HTTP_request_to_SharePoint_-_RenderListDataAsStream')?['ListData']?['NextHref'] )"}},"description":"Here we specify the columns to return in result set of this Flow. Refer to the related blog on https://masteroffice365.com"},"Response":{"runAfter":{"Fields_To_Return":["Succeeded"]},"type":"Response","kind":"Http","inputs":{"statusCode":200,"body":"@body('Fields_To_Return')","schema":{"type":"array","items":{"type":"object","properties":{"ID":{"type":"string"},"ContentType":{"type":"string"},"Title":{"type":"string"},"URIs":{"type":"object","properties":{"HttpRoot":{"type":"string"},"WebUrl":{"type":"string"},"ListUrl":{"type":"string"},"ListUrlDir":{"type":"string"},"FileDirRef":{"type":"string"},"ServerRedirectedEmbedUrl":{"type":"string"}}},"Counters":{"type":"object","properties":{"ItemChildCount":{"type":"integer"},"FolderChildCount":{"type":"integer"},"SMTotalFileCount":{"type":"integer"},"LibraryTotalItemCount":{"type":"integer"}}},"Properties":{"type":"object","properties":{"Name":{"type":"string"},"Suffix":{"type":"string"},"FileType":{"type":"string"},"FileRef":{"type":"string"},"FileRefEncodedAsUrl":{"type":"string"},"Size":{"type":"integer"},"Version":{"type":"number"},"Tags":{"type":"number"},"Location":{"type":"number"},"HTMLFileType":{"type":"string"},"GUID":{"type":"string"},"ListGUID":{"type":"string"},"ParentUniqueId":{"type":"string"}}},"Created":{"type":"string"},"CreatedBy":{"type":"array","items":{"type":"object","properties":{"id":{"type":"string"},"title":{"type":"string"},"email":{"type":"string"},"sip":{"type":"string"},"picture":{"type":"string"}},"required":[]}},"Author.Picture":{"type":"string"},"Modified":{"type":"string"},"ModifiedBy":{"type":"array","items":{"type":"object","properties":{"id":{"type":"string"},"title":{"type":"string"},"email":{"type":"string"},"sip":{"type":"string"},"picture":{"type":"string"}},"required":[]}},"Editor.Picture":{"type":"string"},"FileName":{"type":"string"},"MetaInfo":{"type":"array","items":{"type":"object","properties":{"lookupId":{"type":"integer"},"lookupValue":{"type":"string"},"isSecretFieldValue":{"type":"boolean"}},"required":["lookupId","lookupValue","isSecretFieldValue"]}},"MetaInfo.String":{"type":"string"},"MediaServiceMetadata":{"type":"object","properties":{"ctag":{"type":"string"},"generationTime":{"type":"string"},"lastStreamUpdateTime":{"type":"string"},"modules":{"type":"array","items":{"type":"object","properties":{"module":{"type":"string"},"version":{"type":"integer"}},"required":[]}},"media":{"type":"object","properties":{"drm":{"type":"boolean"},"duration":{"type":"integer"},"author":{"type":"string"},"title":{"type":"string"},"copyright":{"type":"string"},"rating":{"type":"integer"},"keywords":{"type":"array","items":{"type":"string"}}}},"address":{"type":"object","properties":{"City":{"type":"string"},"State":{"type":"string"},"Country":{"type":"string"},"EnglishAddress":{"type":"string"},"LocalizedAddress":{"type":"string"}}},"location":{"type":"object","properties":{"altitude":{"type":"number"},"latitude":{"type":"number"},"longitude":{"type":"number"}}},"photo":{"type":"object","properties":{"cameraManufacturer":{"type":"string"},"cameraModel":{"type":"string"},"dateTaken":{"type":"string"},"exposureTimeNumerator":{"type":"integer"},"exposureTimeDenominator":{"type":"integer"},"fNumber":{"type":"number"},"focalLength":{"type":"number"},"width":{"type":"integer"},"orientation":{"type":"integer"},"isoSpeed":{"type":"integer"},"height":{"type":"integer"}}},"tags":{"type":"array","items":{"type":"object","properties":{"name":{"type":"string"},"localizedName":{},"confidence":{"type":"number"}},"required":[]}},"document":{"type":"object","properties":{"language":{"type":"string"},"extension":{"type":"string"}}},"keyPoints":{"type":"array","items":{"type":"object","properties":{"text":{"type":"string"},"score":{"type":"number"},"state":{"type":"string"},"paragraphIndex":{"type":"integer"},"keyPointId":{"type":"string"},"extractionId":{"type":"string"},"hash":{"type":"string"}},"required":["text","score","state","paragraphIndex","keyPointId","extractionId","hash"]}},"timeToRead":{"type":"integer"},"audio":{"type":"object","properties":{"channelCount":{"type":"integer"},"encodingBitrate":{"type":"integer"},"format":{"type":"string"},"sampleRate":{"type":"integer"},"sampleSize":{"type":"integer"}}},"video":{"type":"object","properties":{"encodingBitrate":{"type":"integer"},"fourCC":{"type":"string"},"frameHeight":{"type":"integer"},"frameRate":{"type":"integer"},"frameWidth":{"type":"integer"},"manifestMetadata":{"type":"string"}}},"officeBundle":{"type":"object","properties":{"ctag":{"type":"string"},"version":{"type":"string"},"generationTime":{"type":"string"},"generationReason":{"type":"string"}}},"text":{"type":"array","items":{"type":"object","properties":{"boundingBox":{"type":"string"},"entityType":{"type":"string"},"text":{"type":"string"}},"required":[]}},"wordDump":{"type":"string"}}},"MediaServiceAutoTags":{"type":"string"},"ThumbnailUrl":{"type":"string"},"NextHref":{"type":"string"}},"required":[]}}},"description":"The schema definition as defined for this final step in the Flow is exceedingly important. Any changes to the schema should be made with the utmost caution. Always make a backup copy of the Flow before making any changes to the Response schema."},"FilterExpression":{"runAfter":{"DatesInUtc":["Succeeded"]},"type":"InitializeVariable","inputs":{"variables":[{"name":"FilterExpression","type":"string","value":"@{triggerBody()['FilterExpression_Value']}"}]}},"QueryResults":{"runAfter":{"Send_an_HTTP_request_to_SharePoint_-_RenderListDataAsStream":["Succeeded"]},"type":"InitializeVariable","inputs":{"variables":[{"name":"QueryResults","type":"array","value":"@array(body('Send_an_HTTP_request_to_SharePoint_-_RenderListDataAsStream')['ListData']['Row'])"}]},"description":"For readability a QueryResult array variable is initialized and the value set to the outputs from the previous step in the Flow."},"Condition":{"actions":{"Filter_QueryResults_FilterExpression":{"runAfter":{},"type":"Query","inputs":{"from":"@variables('QueryResults')","where":"@contains(toUpper(item()?['Metainfo.']), toUpper(variables('FilterExpression')))"},"description":"This step in the Flow will filter the result set such that only items where the \"Metadata.\" property contains the value of the filter specified will be returned. Contextually similar to a free text type search."},"Filtered_QueryResults_Without_Folders_with_FilterExpression":{"runAfter":{"Filter_QueryResults_FilterExpression":["Succeeded"]},"type":"SetVariable","inputs":{"name":"QueryResults","value":"@body('Filter_QueryResults_FilterExpression')"}}},"runAfter":{"Filtered_QueryResults_Without_Folders":["Succeeded"]},"expression":{"not":{"equals":["@toUpper( variables('FilterExpression') )","FALSE"]}},"type":"If","description":"This condition in the Flow evaluates whether or not a custom filter has been specified in the Fi;lterExpression_Value input variable when the Flow was instantiated."},"Filter_QueryResults_Remove_Folders_":{"runAfter":{"QueryResults":["Succeeded"]},"type":"Query","inputs":{"from":"@variables('QueryResults')","where":"@not(equals(item()?['ContentType'], 'Folder'))"},"description":"This is an optional step in the Flow, the purpose of which is to remove Folders from the results to be returned by this Flow. This step however may not be desirable for different Use Cases."},"RLDASQueryFilter":{"runAfter":{"PageSize":["Succeeded"]},"type":"InitializeVariable","inputs":{"variables":[{"name":"RLDASQueryFilter","type":"string","value":"<Query>\n   <Where>\n      <Contains>\n         <FieldRef Name=\\\"FileLeafRef\\\" />\n         <Value Type=\\\"Text\\\">.pdf</Value>\n      </Contains>\n   </Where>\n</Query>"}]},"description":"This variable filters the result set returned by the RenderListDataAsStream API. The value of this variable as set is for illistrative purposes. The actual value of this variable is set to the Flow's RLDASQueryFilter_Value parameter in the next step."},"Set_variable_RLDASQueryFilter":{"runAfter":{"RLDASQueryFilter":["Succeeded"]},"type":"SetVariable","inputs":{"name":"RLDASQueryFilter","value":"@{If( equals( toUpper( triggerBody()['RLDASQueryFilter_Value'] ), 'FALSE'), '', triggerBody()['RLDASQueryFilter_Value'] )}"},"description":"This variable enables users to specify a custom CAML query string to filter the result set returned by the RenderListDataAsStream API. The variable is set to the Flow's RLDASQueryFilter_Value input paramenter or blank if that value is \"False\"."},"Filtered_QueryResults_Without_Folders":{"runAfter":{"Filter_QueryResults_Remove_Folders_":["Succeeded"]},"type":"SetVariable","inputs":{"name":"QueryResults","value":"@body('Filter_QueryResults_Remove_Folders_')"}}}},"connectionReferences":{"shared_sharepointonline":{"connectionName":"shared-sharepointonl-068e0ebe-8033-4a49-9d6d-7fa2d29576ee","source":"Invoker","id":"/providers/Microsoft.PowerApps/apis/shared_sharepointonline","tier":"NotSpecified"}},"flowFailureAlertSubscribed":false}}