{"schemaVersion":"1.0","appDefinitionTemplate":{"id":"/providers/Microsoft.PowerApps/apps/","type":"Microsoft.PowerApps/apps","tags":{"primaryDeviceWidth":"1366","primaryDeviceHeight":"768","sienaVersion":"20200610T211543Z-3.20054.14.0","deviceCapabilities":"","supportsPortrait":"false","supportsLandscape":"true","primaryFormFactor":"Tablet","publisherVersion":"3.20054.14","minimumRequiredApiVersion":"2.2.0","hasComponent":"false","hasUnlockedComponent":"false","isUnifiedRootApp":"false"},"properties":{"appVersion":"2020-06-10T21:15:43Z","lifeCycleId":"Published","createdByClientVersion":{"major":3,"minor":20054,"build":14,"revision":0,"majorRevision":0,"minorRevision":0},"minClientVersion":{"major":3,"minor":20054,"build":14,"revision":0,"majorRevision":0,"minorRevision":0},"backgroundColor":"rgba(76, 74, 72, 1)","backgroundImageUri":"/15807167105741385708/N2e66ed68-ef6f-4f2b-9b0f-be06679c35eb-logoSmallFile","displayName":"All Things 365 MSM Showcase","description":"","commitMessage":"","appUris":{"documentUri":{"value":"/15807167105741385708/N68d79b2a-a0ac-4940-83a2-ff9afabf48eb-document.msapp","readonlyValue":"/15807167105741385708/N68d79b2a-a0ac-4940-83a2-ff9afabf48eb-document.msapp"},"imageUris":[]},"createdTime":"0001-01-01T00:00:00Z","lastModifiedTime":"0001-01-01T00:00:00Z","sharedGroupsCount":0,"sharedUsersCount":0,"icons":{"smallIconUri":"/15807167105741385708/Nc2a33c6a-adcb-4b6e-ad82-94482e29d67c-small.png","mediumIconUri":"/15807167105741385708/Nd587aa76-6e18-44f1-a713-4acf7faf65f6-medium.png","largeIconUri":"/15807167105741385708/N7aa6581c-382e-4493-936d-53a591307e9e-large.png","wideIconUri":"/15807167105741385708/Ncb39cd04-5408-4b12-baf3-9d5765ab7c61-wide.png"},"connectionReferences":{"42807617-6475-4998-9d4a-c73e131ca75a":{"id":"d266a6cb-b2df-4988-ac3a-d6e467fa4bdc","displayName":"SharePoint","iconUri":"https://connectoricons-prod.azureedge.net/sharepointonline/icon_1.0.1355.2023.png","dataSources":["Documents","Pictures","Site Assets"],"dependencies":[],"dependents":["2f82df29-223b-4bf5-923d-50f30e72d332","8426cce5-a6dc-4d52-b98c-59131f6f02ee"],"parameterHints":{},"isOnPremiseConnection":false,"bypassConsent":false,"dataSets":{"https://livelovelife.sharepoint.com/msm":{"dataSources":{"Documents":{"tableName":"f08dde62-cb81-487e-9f14-730bf2a0664d"},"Pictures":{"tableName":"Pictures"},"Site Assets":{"tableName":"Site Assets"}}}},"apiTier":"Standard","isCustomApiConnection":false},"2f82df29-223b-4bf5-923d-50f30e72d332":{"id":"61695f7e-0580-4d8b-b8d9-de08057806d8","displayName":"Logic flows","iconUri":"https://resourcestackdeploy.blob.core.windows.net/scripts/13276078.png","dataSources":["SharePoint_MSM_DriveItems"],"dependencies":["42807617-6475-4998-9d4a-c73e131ca75a"],"dependents":[],"parameterHints":{"workflowName":{"value":"db6de792-cfad-41a7-b19c-9da415eae1ab"},"42807617-6475-4998-9d4a-c73e131ca75a":{"value":"shared_sharepointonline"}},"isOnPremiseConnection":false,"bypassConsent":false,"dataSets":{},"apiTier":"Standard","isCustomApiConnection":false},"8426cce5-a6dc-4d52-b98c-59131f6f02ee":{"id":"61695f7e-0580-4d8b-b8d9-de08057806d8","displayName":"Logic flows","iconUri":"https://resourcestackdeploy.blob.core.windows.net/scripts/13276078.png","dataSources":["SharePoint_MSM_RenderListDataAsStream"],"dependencies":["42807617-6475-4998-9d4a-c73e131ca75a"],"dependents":[],"parameterHints":{"workflowName":{"value":"a3b6caf7-ac83-4e58-b7f8-d6fb650ea9e7"},"42807617-6475-4998-9d4a-c73e131ca75a":{"value":"shared_sharepointonline"}},"isOnPremiseConnection":false,"bypassConsent":false,"dataSets":{},"apiTier":"Standard","isCustomApiConnection":false}},"databaseReferences":{},"almMode":"Environment","performanceOptimizationEnabled":false,"canConsumeAppPass":true},"isAppComponentLibrary":false,"appType":"ClassicCanvasApp","appComponents":[]}}