{"name":"901cdd56-4319-4121-b787-f3186d31087c","id":"/providers/Microsoft.Flow/flows/901cdd56-4319-4121-b787-f3186d31087c","type":"Microsoft.Flow/flows","properties":{"apiId":"/providers/Microsoft.PowerApps/apis/shared_logicflows","displayName":"SharePoint_MSM_DelegatableFields","definition":{"metadata":{"workflowEntityId":null,"creator":{"id":"5577332b-f7c3-4476-b52f-8747b67c6122","type":"User","tenantId":"3b760753-7f55-4e44-bd2c-43a68d36df2e"},"provisioningMethod":"FromDefinition","failureAlertSubscription":true,"clientLastModifiedTime":"2020-05-26T08:30:08.3945782Z"},"$schema":"https://schema.management.azure.com/providers/Microsoft.Logic/schemas/2016-06-01/workflowdefinition.json#","contentVersion":"1.0.0.0","parameters":{"$connections":{"defaultValue":{},"type":"Object"},"$authentication":{"defaultValue":{},"type":"SecureObject"}},"triggers":{"manual":{"type":"Request","kind":"PowerApp","inputs":{"schema":{"type":"object","properties":{"SiteLibraryUrl_Value":{"type":"string","description":"Enter initial value. This parameter is used as part of \"43C25300-B054-4810-9FAF-8406DED39FC8\"","x-ms-powerflows-param-ispartial":true}},"required":["SiteLibraryUrl_Value"]}}}},"actions":{"Site_Library_Url":{"runAfter":{},"type":"InitializeVariable","inputs":{"variables":[{"name":"Site Library Url","type":"string","value":"@{triggerBody()['SiteLibraryUrl_Value']}. "}]}},"Graph_API_-_Get_List_Metadata":{"runAfter":{"Site_Relative_Path":["Succeeded"]},"metadata":{"flowSystemMetadata":{"swaggerOperationId":"HttpRequest"}},"type":"ApiConnection","inputs":{"host":{"connection":{"name":"@json(decodeBase64(triggerOutputs().headers['X-MS-APIM-Tokens']))['$connections']['shared_sharepointonline']['connectionId']"},"api":{"runtimeUrl":"https://europe-002.azure-apim.net/apim/sharepointonline"}},"method":"post","body":{"method":"GET","uri":"_api/v2.0/sites/@{variables('Host Name')}:@{variables('Site Relative Path')}:/lists?$select=name,webUrl,displayName,system","headers":{"Accept":"application/json"}},"path":"/datasets/@{encodeURIComponent(encodeURIComponent(variables('Tenant Url')))}/httprequest","authentication":{"type":"Raw","value":"@json(decodeBase64(triggerOutputs().headers['X-MS-APIM-Tokens']))['$ConnectionKey']"}}},"Host_Name":{"runAfter":{"Site_Library_Url":["Succeeded"]},"type":"InitializeVariable","inputs":{"variables":[{"name":"Host Name","type":"string","value":"@{uriHost( variables('Site Library Url') )}"}]},"description":"For readiblity the host name (aka tenant name) is extracted from the Site Library Url variable into the Host Name variable"},"Tenant_Url":{"runAfter":{"Host_Name":["Succeeded"]},"type":"InitializeVariable","inputs":{"variables":[{"name":"Tenant Url","type":"string","value":"@{concat( 'https://', variables('Host Name') )}"}]},"description":"For readiblity the tenant root URL is extracted from the Site Library Url variable into the Tenant Url variable"},"Site_Relative_Path":{"runAfter":{"Tenant_Url":["Succeeded"]},"type":"InitializeVariable","inputs":{"variables":[{"name":"Site Relative Path","type":"string","value":"@{replace( substring( variables('Site Library Url'), 0, lastIndexOf( variables('Site Library Url'), '/' ) ), variables('Tenant Url'), '' )}"}]},"description":"For readability the relative path to the site/web containing the Library being queried is extracted from the Site Library Url variable into the Site Relative Path variable, e.g.: /teams/allthings365/demo"},"Filter_Library_Queried":{"runAfter":{"Graph_API_-_Get_List_Metadata":["Succeeded"]},"type":"Query","inputs":{"from":"@array( body('Graph_API_-_Get_List_Metadata')['value'] )","where":"@equals('', '')"},"description":"The SiteLibraryUrl_Value input parameter specifies the actual name of the Library however the URL is encoded, e.g. \"Shared%20Documents\". To determine the \"displayName\" for the Library we match the \"webUrl\" to value of the \"Site Library Url\" variable."},"Library_Title":{"runAfter":{"Filter_Library_Queried":["Succeeded"]},"type":"InitializeVariable","inputs":{"variables":[{"name":"Library Title","type":"string","value":"@{first( body('Filter_Library_Queried') )['displayName']}"}]}},"Get_Fields":{"runAfter":{"Library_Title":["Succeeded"]},"metadata":{"flowSystemMetadata":{"swaggerOperationId":"HttpRequest"}},"type":"ApiConnection","inputs":{"host":{"connection":{"name":"@json(decodeBase64(triggerOutputs().headers['X-MS-APIM-Tokens']))['$connections']['shared_sharepointonline']['connectionId']"},"api":{"runtimeUrl":"https://europe-002.azure-apim.net/apim/sharepointonline"}},"method":"post","body":{"method":"GET","uri":"_api/web/lists/GetbyTitle('@{variables('Library Title')}')/fields?$select=Title,InternalName,TypeAsString,TypeDisplayName,Hidden,Group,Sortable,Filterable,Indexed","headers":{"Accept":"application/json;odata=verbose"}},"path":"/datasets/@{encodeURIComponent(encodeURIComponent(variables('Tenant Url'),variables('Site Relative Path')))}/httprequest","authentication":{"type":"Raw","value":"@json(decodeBase64(triggerOutputs().headers['X-MS-APIM-Tokens']))['$ConnectionKey']"}}},"Filter_array_-_Return_Delegatable_Fields":{"runAfter":{"Get_Fields":["Succeeded"]},"type":"Query","inputs":{"from":"@array( body( 'Get_Fields' )['d']['results'] )","where":"@and(and(and(equals(item()?['Hidden'],false),not(equals(item()['Group'],'_Hidden'))),equals(item()?['Sortable'],true)),or(or(or(equals(item()?['TypeAsString'],'Text'),equals(item()?['TypeAsString'],'DateTime'),equals(item()?['TypeAsString'],'Counter')))))"}},"Response":{"runAfter":{"Filter_array_-_Return_Delegatable_Fields":["Succeeded"]},"type":"Response","kind":"Http","inputs":{"statusCode":200,"body":"@body('Filter_array_-_Return_Delegatable_Fields')","schema":{"type":"array","items":{"type":"object","properties":{"__metadata":{"type":"object","properties":{"id":{"type":"string"},"uri":{"type":"string"},"type":{"type":"string"}}},"Group":{"type":"string"},"Hidden":{"type":"boolean"},"InternalName":{"type":"string"},"Sortable":{"type":"boolean"},"Title":{"type":"string"},"TypeAsString":{"type":"string"},"TypeDisplayName":{"type":"string"}},"required":["__metadata","Group","Hidden","InternalName","Sortable","Filterable","Indexed","Title","TypeAsString","TypeDisplayName"]}}}}}},"connectionReferences":{"shared_sharepointonline":{"connectionName":"39e81e9cf600414ba3c14a06523c6164","source":"Invoker","id":"/providers/Microsoft.PowerApps/apis/shared_sharepointonline","tier":"NotSpecified"}},"flowFailureAlertSubscribed":false}}