{"name":"6acbcc77-2d82-4840-8827-6f04b9f60e75","id":"/providers/Microsoft.Flow/flows/6acbcc77-2d82-4840-8827-6f04b9f60e75","type":"Microsoft.Flow/flows","properties":{"apiId":"/providers/Microsoft.PowerApps/apis/shared_logicflows","displayName":"SharePoint_MSM_RenderListDataAsStream","definition":{"metadata":{"workflowEntityId":null,"creator":{"id":"5577332b-f7c3-4476-b52f-8747b67c6122","type":"User","tenantId":"3b760753-7f55-4e44-bd2c-43a68d36df2e"},"provisioningMethod":"FromDefinition","failureAlertSubscription":true,"clientLastModifiedTime":"2020-06-10T21:33:38.001388Z"},"$schema":"https://schema.management.azure.com/providers/Microsoft.Logic/schemas/2016-06-01/workflowdefinition.json#","contentVersion":"1.0.0.0","parameters":{"$connections":{"defaultValue":{},"type":"Object"},"$authentication":{"defaultValue":{},"type":"SecureObject"}},"triggers":{"manual":{"type":"Request","kind":"PowerApp","inputs":{"schema":{"type":"object","properties":{"SiteLibraryUrl_Value":{"type":"string","description":"Enter initial value","x-ms-powerflows-param-ispartial":false},"NextHref_Value":{"type":"string","description":"Enter initial value","x-ms-powerflows-param-ispartial":false},"PageSize_Value":{"type":"string","description":"Enter initial value","x-ms-powerflows-param-ispartial":false},"RLDASQueryFilter_Value":{"type":"string","description":"Enter initial value","x-ms-powerflows-param-ispartial":false},"MetainfoFilterExpression_Value":{"type":"string","description":"Enter initial value","x-ms-powerflows-param-ispartial":false}},"required":["SiteLibraryUrl_Value","NextHref_Value","PageSize_Value","RLDASQueryFilter_Value","MetainfoFilterExpression_Value"]}}}},"actions":{"Site_Library_Url":{"runAfter":{"Flow_Input_Parameters_Guidance":["Succeeded"]},"type":"InitializeVariable","inputs":{"variables":[{"name":"Site Library Url","type":"string","value":"@{triggerBody()['SiteLibraryUrl_Value']}"}]},"description":" The full URL to the Document Library. For example: https://tenant.sharepoint.com/teams/allthings365/demo/Shared%20Documents"},"NextHref":{"runAfter":{"Site_Library_Url":["Succeeded"]},"type":"InitializeVariable","inputs":{"variables":[{"name":"NextHref","type":"string","value":"@{if( equals( toUpper( triggerBody()['NextHref_Value'] ), 'FALSE' ), '', triggerBody()['NextHref_Value'] )}"}]},"description":"This variable is used to manage paging when the total number of items in a Library exceeds the number specified in the Page Size variable. For the first page of results this input parameter variables specified when running this flow should be \"false\""},"Page_Size":{"runAfter":{"NextHref":["Succeeded"]},"type":"InitializeVariable","inputs":{"variables":[{"name":"Page Size","type":"string","value":"@{triggerBody()['PageSize_Value']}"}]},"description":"The page size threshold (1-5000)"},"RLDAS_Query_Filter":{"runAfter":{"Page_Size":["Succeeded"]},"type":"InitializeVariable","inputs":{"variables":[{"name":"RLDAS Query Filter","type":"string","value":"@{triggerBody()['RLDASQueryFilter_Value']}"}]},"description":"Placeholder for future implementation"},"Metainfo_Filter_Expression":{"runAfter":{"Set_variable_-_RLDAS_Query_Filter":["Skipped"]},"type":"InitializeVariable","inputs":{"variables":[{"name":"Metainfo. Filter Expression","type":"string","value":"@{triggerBody()['MetainfoFilterExpression_Value']}"}]},"description":"This variable enables users to provide a custom filter string to broadly filter any metadata exposed in the Metainfo. field in the outputs of RenderListDataAsStream HTTP step in the flow. "},"Flow_Input_Parameters_Guidance":{"runAfter":{},"type":"InitializeVariable","inputs":{"variables":[{"name":"Flow Input Parameters Guidance","type":"string","value":"This flow is designed in such a way that different input parameter are required dependant on the desired content to be return in any given flow run. \n\nWhere any input parameters may be irrelevant and should be ignored for any given flow run, the value of those input parameter(s) passed into the flow should be set to \"false\" for that flow run."}]}},"Host_Name":{"runAfter":{"Metainfo_Filter_Expression":["Succeeded"]},"type":"InitializeVariable","inputs":{"variables":[{"name":"Host Name","type":"string","value":"@{uriHost( variables('Site Library Url') )}"}]},"description":"For readiblity the host name (aka tenant name) is extracted from the Site Library Url variable into the Host Name variable"},"Tenant_Url":{"runAfter":{"Host_Name":["Succeeded"]},"type":"InitializeVariable","inputs":{"variables":[{"name":"Tenant Url","type":"string","value":"@{concat( 'https://', variables('Host Name') )}"}]},"description":"For readiblity the tenant root URL is extracted from the Site Library Url variable into the Tenant Url variable"},"Site_Relative_Path":{"runAfter":{"Tenant_Url":["Succeeded"]},"type":"InitializeVariable","inputs":{"variables":[{"name":"Site Relative Path","type":"string","value":"@{replace( substring( variables('Site Library Url'), 0, lastIndexOf( variables('Site Library Url'), '/' ) ), variables('Tenant Url'), '' )}"}]},"description":"For readability the relative path to the site/web containing the Library being queried is extracted from the Site Library Url variable into the Site Relative Path variable, e.g.: /teams/allthings365/demo"},"Library_Name":{"runAfter":{"Site_Relative_Path":["Succeeded"]},"type":"InitializeVariable","inputs":{"variables":[{"name":"Library Name","type":"string"}]},"description":"For readability the name of the Library being queried is extracted from the Site Library Url variable into the Library Name variable, e.g.: \"Shared%20Documents\" => \"Shared Documents\""},"RenderOptions":{"runAfter":{"Library_Name":["Succeeded"]},"type":"InitializeVariable","inputs":{"variables":[{"name":"RenderOptions","type":"integer","value":4103}]},"description":"This variable determines what data is returned when querying the RenderListDataAsStream API. https://docs.microsoft.com/en-us/sharepoint/dev/sp-add-ins/working-with-lists-and-list-items-with-rest"},"DatesInUtc":{"runAfter":{"RenderOptions":["Succeeded"]},"type":"InitializeVariable","inputs":{"variables":[{"name":"DatesInUtc","type":"boolean","value":true}]},"description":"Specifies that the RenderListDataAsStream API should return DateTime fields in UTC format"},"Set_variable_-_RLDAS_Query_Filter":{"runAfter":{"RLDAS_Query_Filter":["Failed","Skipped"]},"type":"SetVariable","inputs":{"name":"RLDAS Query Filter","value":"<Query>\n   <Where>\n      <Contains>\n         <FieldRef Name=\\\"FileLeafRef\\\" />\n         <Value Type=\\\"Text\\\">.pdf</Value>\n      </Contains>\n   </Where>\n</Query>"},"description":" This variable filters the result set returned by the RenderListDataAsStream API. The value of this variable as set is for illistrative purposes and as such is skipped in this step of the flow."},"View_Fields":{"runAfter":{"DatesInUtc":["Succeeded"]},"type":"InitializeVariable","inputs":{"variables":[{"name":"View Fields","type":"string","value":"            <ViewFields>\n                    <FieldRef Name=\\\"ID\\\" />\n                    <FieldRef Name=\\\"ContentType\\\" />\n                    <FieldRef Name=\\\"Title\\\" />\n                    <FieldRef Name=\\\"FileLeafRef\\\" />\n                    <FieldRef Name=\\\"File_x0020_Type\\\" />\n                    <FieldRef Name=\\\"DocIcon\\\" />\n                    <FieldRef Name=\\\"FileSizeDisplay\\\" />\n                    <FieldRef Name=\\\"SMTotalSize\\\" />\n                    <FieldRef Name=\\\"FileRef\\\" />\n                    <FieldRef Name=\\\"FileDirRef\\\" />\n                    <FieldRef Name=\\\"ServerUrl\\\" />\n                    <FieldRef Name=\\\"EncodedAbsUrl\\\" />\n                    <FieldRef Name=\\\"Created\\\" />\n                    <FieldRef Name=\\\"Created_x0020_Date\\\" />\n                    <FieldRef Name=\\\"Author\\\" />\n                    <FieldRef Name=\\\"Modified\\\" />\n                    <FieldRef Name=\\\"Last_x0020_Modified\\\" />\n                    <FieldRef Name=\\\"Editor\\\" />\n                    <FieldRef Name=\\\"MetaInfo\\\" />\n                    <FieldRef Name=\\\"MetaInfo.\\\"/>\n                    <FieldRef Name=\\\"MediaServiceMetadata\\\" />\n                    <FieldRef Name=\\\"MediaServiceAutoTags\\\" />\n                    <FieldRef Name=\\\"MediaServiceLocation\\\" />\n                    <FieldRef Name=\\\"ItemChildCount\\\" />\n                    <FieldRef Name=\\\"FolderChildCount\\\" />\n                    <FieldRef Name=\\\"SMTotalFileCount\\\" />\n                    <FieldRef Name=\\\"_UIVersionString\\\" />\n                    <FieldRef Name=\\\"GUID\\\" />\n                    <FieldRef Name=\\\"ParentVersionString\\\" />\n                    <FieldRef Name=\\\"ParentLeafName\\\" />\n                    <FieldRef Name=\\\"ParentUniqueId\\\" />\n            </ViewFields>"}]},"description":"For readability the View Fields variable contains the XML CAML ViewFields parameter to be used when the RenderListDataAsStream API is called for the Library being queried."},"ViewXML":{"runAfter":{"View_Fields":["Succeeded"]},"type":"InitializeVariable","inputs":{"variables":[{"name":"ViewXML","type":"string","value":" \n        <View Scope=\\\"RecursiveAll\\\">\t\n@{variables('View Fields')}\n            <RowLimit Paged=\\\"TRUE\\\">@{variables('Page Size')}</RowLimit>\n        </View>"}]},"description":"For readability the ViewXML variable contains the XML CAML View parameter to be used when the RenderListDataAsStream API is called for the Library being queried."},"Graph_API_-_Get_List_Metadata":{"runAfter":{"ViewXML":["Succeeded"]},"metadata":{"flowSystemMetadata":{"swaggerOperationId":"HttpRequest"}},"type":"ApiConnection","inputs":{"host":{"connection":{"name":"@json(decodeBase64(triggerOutputs().headers['X-MS-APIM-Tokens']))['$connections']['shared_sharepointonline']['connectionId']"},"api":{"runtimeUrl":"https://europe-002.azure-apim.net/apim/sharepointonline"}},"method":"post","body":{"method":"GET","uri":"_api/v2.0/sites/@{variables('Host Name')}:@{variables('Site Relative Path')}:/lists?$select=name,webUrl,displayName,system","headers":{"Accept":"application/json"}},"path":"/datasets/@{encodeURIComponent(encodeURIComponent(variables('Tenant Url')))}/httprequest","authentication":{"type":"Raw","value":"@json(decodeBase64(triggerOutputs().headers['X-MS-APIM-Tokens']))['$ConnectionKey']"}}},"Filter_Library_Queried":{"runAfter":{"Graph_API_-_Get_List_Metadata":["Succeeded"]},"type":"Query","inputs":{"from":"@array( body('Graph_API_-_Get_List_Metadata')['Value'] )","where":"@equals(item()['webUrl'], variables('Site Library Url'))"},"description":"The SiteLibraryUrl_Value input parameter specifies the actual name of the Library however the URL is encoded, e.g. \"Shared%20Documents\". To determine the \"displayName\" for the Library we match the \"webUrl\" to value of the \"Site Library Url\" variable."},"Library_Title":{"runAfter":{"Filter_Library_Queried":["Succeeded"]},"type":"InitializeVariable","inputs":{"variables":[{"name":"Library Title","type":"string","value":"@{first( body('Filter_Library_Queried') )['displayName']}"}]}},"Query_Results":{"runAfter":{"RenderListDataAsStream_API_-_Get_Library_Items":["Succeeded"]},"type":"InitializeVariable","inputs":{"variables":[{"name":"Query Results","type":"array","value":"@array( body('RenderListDataAsStream_API_-_Get_Library_Items')['ListData']['Row'] )"}]},"description":" For readability a Query Results array variable is initialized and the value set to the outputs from the previous step in the flow."},"Condition_-_Metainfo_Filter_Expression":{"actions":{"Filter_Query_Results_with_Metainfo_Filter_Expression":{"runAfter":{},"type":"Query","inputs":{"from":"@variables('Query Results')","where":"@contains(toUpper(item()?['Metainfo.']), toUpper(variables('Metainfo. Filter Expression')))"},"description":" This step in the flow will filter the result set such that only items where the \"Metadata.\" property contains the value of the filter specified will be returned. Contextually similar to a free text type search."},"Filtered_Query_Results_with_Metainfo_Filter_Expression":{"runAfter":{"Filter_Query_Results_with_Metainfo_Filter_Expression":["Succeeded"]},"type":"SetVariable","inputs":{"name":"Query Results","value":"@body('Filter_Library_Queried')"}}},"runAfter":{"Query_Results":["Succeeded"]},"expression":{"not":{"equals":["@toUpper( variables('Metainfo. Filter Expression') )","FALSE"]}},"type":"If","description":"This condition in the flow evaluates whether or not a custom filter has been specified in the MetaifoFilterExpression_Value input variable when the flow was instantiated."},"Fields_To_Return":{"runAfter":{"Condition_-_Metainfo_Filter_Expression":["Succeeded"]},"type":"Select","inputs":{"from":"@variables('Query Results')","select":{"ID":"@item()?['ID']","ContentType":"@item()?['ContentType']","URIs":"@json(concat('{',\n'\"HttpRoot\":\"',body('RenderListDataAsStream_API_-_Get_Library_Items')['HttpRoot'],'\",',\n'\"WebUrl\":\"',body('RenderListDataAsStream_API_-_Get_Library_Items')['WebUrl'],'\",',\n'\"ListUrl\":\"',body('RenderListDataAsStream_API_-_Get_Library_Items')['ListUrl'],'\",',\n'\"ListUrlDir\":\"',body('RenderListDataAsStream_API_-_Get_Library_Items')['listUrlDir'],'\",',\n'\"FileDirRef\":\"',item()['FileDirRef'],'\",',\n'\"ServerRedirectedEmbedUrl\":\"',item()['ServerRedirectedEmbedUrl'],'\",',\n'}'))","Counters":"@json( concat( '{', \n' \"ItemChildCount\": \"', item()['ItemChildCount'], '\", ', \n' \"FolderChildCount\": \"', item()['FolderChildCount'], '\", ', \n' \"SMTotalFileCount\": \"', item()['SMTotalFileCount'], '\", ',\n' \"LibraryTotalItemCount\": \"', body('RenderListDataAsStream_API_-_Get_Library_Items')['ListSchema']['ItemCount'], '\", ',\n' }' ) )","Properties":"@json( concat( '{',\n' \"Name\": \"', item()['FileLeafRef.Name'], '\", ', \n' \"Suffix\": \"', item()['FileLeafRef.Suffix'], '\", ', \n' \"FileType\": \"', item()['File_x0020_Type'], '\", ',\n' \"FileRef\": \"', item()['FileRef'], '\", ',\n' \"FileRefEncodedAsUrl\": \"', item()['FileRef.urlencoding'], '\", ',\n' \"Size\": ', item()['File_x0020_Size'], ', ',\n' \"Version\": \"', item()['_UIVersionString'], '\", ',\n' \"HTMLFileType\": \"', item()['HTML_x0020_File_x0020_Type.File_x0020_Type.mapall'], '\", ',\n' \"GUID\": \"', item()['GUID'], '\", ',\n' \"ParentUniqueId\": \"', item()['ParentUniqueId'], '\", ',\n' }' ) )","Created":"@item()?['Created']","CreatedBy":"@item()?['Author']","Author.Picture":"@item()?['Author.picture']","Modified":"@item()?['Modified']","ModifiedBy":"@item()?['Editor']","Editor.Picture":"@item()?['Editor.picture']","FileName":"@item()?['FileLeafRef']","MetaInfo":"@item()?['Metainfo']","MetaInfo.String":"@item()?['Metainfo.']","MediaServiceMetadata":"@if( not( empty( item()?['MediaServiceMetadata'] ) ),\n    json( item()?['MediaServiceMetadata'] ), \n    json( \n      If( greater( indexOf( item()?['MetaInfo.'],'vti_mediaservicemetadata:SW|{' ), 0 ), \n      concat(\n        '{\"',\n        substring(\n            substring(\n                substring( item()?['MetaInfo.'], indexOf( item()?['MetaInfo.'],'lastStreamUpdateTime' ) ),\n                0,\n                indexof( substring( item()?['MetaInfo.'], indexOf( item()?['MetaInfo.'],'lastStreamUpdateTime' ) ), 'wic_' ) \n            ),\n            0,\n            add(\n              lastindexof( \n                substring(\n                    substring( item()?['MetaInfo.'], indexOf( item()?['MetaInfo.'],'lastStreamUpdateTime' ) ),\n                    0,\n                    indexof( substring( item()?['MetaInfo.'], indexOf( item()?['MetaInfo.'],'lastStreamUpdateTime' ) ), 'wic_' ) \n                ),\n                '}'\n              ),\n              1\n            )\n        )\n      ),\n      ''\n    ))\n)","MediaServiceAutoTags":"@item()?['MediaServiceAutoTags']","ThumbnailUrl":"@concat(replace(replace(replace(replace(replace(body('RenderListDataAsStream_API_-_Get_Library_Items')['ListSchema']?['.thumbnailUrl'],'{.mediaBaseUrl}',body('RenderListDataAsStream_API_-_Get_Library_Items')['ListSchema']?['.mediaBaseUrl']),'{.fileType}','jpg'),'{.callerStack}',body('RenderListDataAsStream_API_-_Get_Library_Items')['ListSchema']?['.callerStack']),'{.spItemUrl}',concat(replace(body('RenderListDataAsStream_API_-_Get_Library_Items')['ListSchema']?['.driveUrl'],':','%3A'),'%2Froot%3A',replace(item()['FileRef.urlencode'],replace(body('RenderListDataAsStream_API_-_Get_Library_Items')['listUrlDir'],'/','%2F'),''),'%3A%3Fversion%3DPublished&encodeFailures%3D1')),'{.driveAccessToken}',body('RenderListDataAsStream_API_-_Get_Library_Items')['ListSchema']?['.driveAccessToken']),'&width=200&height=200')","NextHref":"@if( greaterOrEquals(body('RenderListDataAsStream_API_-_Get_Library_Items')?['ListData']['LastRow'], int(body('RenderListDataAsStream_API_-_Get_Library_Items')?['ListSchema']?['ItemCount'])), '', body('RenderListDataAsStream_API_-_Get_Library_Items')?['ListData']?['NextHref'] )"}}},"RenderListDataAsStream_API_-_Get_Library_Items":{"runAfter":{"Library_Title":["Succeeded"]},"metadata":{"flowSystemMetadata":{"swaggerOperationId":"HttpRequest"}},"type":"ApiConnection","inputs":{"host":{"connection":{"name":"@json(decodeBase64(triggerOutputs().headers['X-MS-APIM-Tokens']))['$connections']['shared_sharepointonline']['connectionId']"},"api":{"runtimeUrl":"https://europe-002.azure-apim.net/apim/sharepointonline"}},"method":"post","body":{"method":"POST","uri":"_api/web/lists/GetbyTitle('@{variables('Library Title')}')/RenderListDataAsStream@{variables('NextHref')}","headers":{"Accept":"application/json;odata=verbose"},"body":"{\n    \"parameters\": {\n        \"RenderOptions\": @{variables('RenderOptions')},\n        \"DatesInUtc\": \"@{variables('DatesInUtc')}\",\n        \"ViewXml\": \"@{variables('ViewXML')}\"\n    }\n}"},"path":"/datasets/@{encodeURIComponent(encodeURIComponent(variables('Tenant Url'),variables('Site Relative Path')))}/httprequest","authentication":{"type":"Raw","value":"@json(decodeBase64(triggerOutputs().headers['X-MS-APIM-Tokens']))['$ConnectionKey']"}},"description":"Having initialized the values of the variables defined in the earlier steps in the flow, in this step the RenderListDataAsStream REST API is invoked to return a result set of files in the Libary being queried; filtered and/or paged where applicable."},"Response":{"runAfter":{"Fields_To_Return":["Succeeded"]},"type":"Response","kind":"Http","inputs":{"statusCode":200,"body":"@body('Fields_To_Return')","schema":{"type":"array","items":{"type":"object","properties":{"ID":{"type":"string"},"ContentType":{"type":"string"},"Title":{"type":"string"},"URIs":{"type":"object","properties":{"HttpRoot":{"type":"string"},"WebUrl":{"type":"string"},"ListUrl":{"type":"string"},"ListUrlDir":{"type":"string"},"FileDirRef":{"type":"string"},"ServerRedirectedEmbedUrl":{"type":"string"}}},"Counters":{"type":"object","properties":{"ItemChildCount":{"type":"integer"},"FolderChildCount":{"type":"integer"},"SMTotalFileCount":{"type":"integer"},"LibraryTotalItemCount":{"type":"integer"}}},"Properties":{"type":"object","properties":{"Name":{"type":"string"},"Suffix":{"type":"string"},"FileType":{"type":"string"},"FileRef":{"type":"string"},"FileRefEncodedAsUrl":{"type":"string"},"Size":{"type":"integer"},"Version":{"type":"number"},"HTMLFileType":{"type":"string"},"GUID":{"type":"string"},"ParentUniqueId":{"type":"string"}}},"Created":{"type":"string"},"CreatedBy":{"type":"array","items":{"type":"object","properties":{"id":{"type":"string"},"title":{"type":"string"},"email":{"type":"string"},"sip":{"type":"string"},"picture":{"type":"string"}},"required":[]}},"Author.Picture":{"type":"string"},"Modified":{"type":"string"},"ModifiedBy":{"type":"array","items":{"type":"object","properties":{"id":{"type":"string"},"title":{"type":"string"},"email":{"type":"string"},"sip":{"type":"string"},"picture":{"type":"string"}},"required":[]}},"Editor.Picture":{"type":"string"},"FileName":{"type":"string"},"MetaInfo":{"type":"array","items":{"type":"object","properties":{"lookupId":{"type":"integer"},"lookupValue":{"type":"string"},"isSecretFieldValue":{"type":"boolean"}},"required":["lookupId","lookupValue","isSecretFieldValue"]}},"MetaInfo.String":{"type":"string"},"MediaServiceMetadata":{"type":"object","properties":{"ctag":{"type":"string"},"generationTime":{"type":"string"},"lastStreamUpdateTime":{"type":"string"},"modules":{"type":"array","items":{"type":"object","properties":{"module":{"type":"string"},"version":{"type":"integer"}},"required":[]}},"media":{"type":"object","properties":{"drm":{"type":"boolean"},"duration":{"type":"integer"},"author":{"type":"string"},"title":{"type":"string"},"copyright":{"type":"string"},"rating":{"type":"integer"},"keywords":{"type":"array","items":{"type":"string"}}}},"address":{"type":"object","properties":{"City":{"type":"string"},"State":{"type":"string"},"Country":{"type":"string"},"EnglishAddress":{"type":"string"},"LocalizedAddress":{"type":"string"}}},"location":{"type":"object","properties":{"altitude":{"type":"number"},"latitude":{"type":"number"},"longitude":{"type":"number"}}},"photo":{"type":"object","properties":{"cameraManufacturer":{"type":"string"},"cameraModel":{"type":"string"},"dateTaken":{"type":"string"},"exposureTimeNumerator":{"type":"integer"},"exposureTimeDenominator":{"type":"integer"},"fNumber":{"type":"number"},"focalLength":{"type":"number"},"width":{"type":"integer"},"orientation":{"type":"integer"},"isoSpeed":{"type":"integer"},"height":{"type":"integer"}}},"tags":{"type":"array","items":{"type":"object","properties":{"name":{"type":"string"},"localizedName":{},"confidence":{"type":"number"}},"required":[]}},"document":{"type":"object","properties":{"language":{"type":"string"},"extension":{"type":"string"}}},"keyPoints":{"type":"array","items":{"type":"object","properties":{"text":{"type":"string"},"score":{"type":"number"},"state":{"type":"string"},"paragraphIndex":{"type":"integer"},"keyPointId":{"type":"string"},"extractionId":{"type":"string"},"hash":{"type":"string"}},"required":["text","score","state","paragraphIndex","keyPointId","extractionId","hash"]}},"timeToRead":{"type":"integer"},"audio":{"type":"object","properties":{"channelCount":{"type":"integer"},"encodingBitrate":{"type":"integer"},"format":{"type":"string"},"sampleRate":{"type":"integer"},"sampleSize":{"type":"integer"}}},"video":{"type":"object","properties":{"encodingBitrate":{"type":"integer"},"fourCC":{"type":"string"},"frameHeight":{"type":"integer"},"frameRate":{"type":"integer"},"frameWidth":{"type":"integer"},"manifestMetadata":{"type":"string"}}},"officeBundle":{"type":"object","properties":{"ctag":{"type":"string"},"version":{"type":"string"},"generationTime":{"type":"string"},"generationReason":{"type":"string"}}},"text":{"type":"array","items":{"type":"object","properties":{"boundingBox":{"type":"string"},"entityType":{"type":"string"},"text":{"type":"string"}},"required":[]}},"wordDump":{"type":"string"}}},"MediaServiceAutoTags":{"type":"string"},"ThumbnailUrl":{"type":"string"},"NextHref":{"type":"string"}},"required":[]}}}}}},"connectionReferences":{"shared_sharepointonline":{"connectionName":"39e81e9cf600414ba3c14a06523c6164","source":"Invoker","id":"/providers/Microsoft.PowerApps/apis/shared_sharepointonline","tier":"NotSpecified"}},"flowFailureAlertSubscribed":false}}