{"name":"a44ce887-ba61-4217-8dda-047882131c58","id":"/providers/Microsoft.Flow/flows/a44ce887-ba61-4217-8dda-047882131c58","type":"Microsoft.Flow/flows","properties":{"apiId":"/providers/Microsoft.PowerApps/apis/shared_logicflows","displayName":"RenderListDataAsStream_Library_MetaData","definition":{"metadata":{"workflowEntityId":null,"creator":{"id":"cde2f6ec-1160-4c6b-aea2-666af8a79bf6","type":"User","tenantId":"6298d0a5-0e67-439e-8f40-a39ab6f8b9ec"},"provisioningMethod":"FromDefinition","failureAlertSubscription":true,"clientLastModifiedTime":"2020-04-17T16:52:35.1184661Z"},"$schema":"https://schema.management.azure.com/providers/Microsoft.Logic/schemas/2016-06-01/workflowdefinition.json#","contentVersion":"1.0.0.0","parameters":{"$connections":{"defaultValue":{},"type":"Object"},"$authentication":{"defaultValue":{},"type":"SecureObject"}},"triggers":{"manual":{"type":"Request","kind":"PowerApp","inputs":{"schema":{"type":"object","properties":{"LibraryUrl_Value":{"type":"string","description":"Enter initial value","x-ms-powerflows-param-ispartial":false},"NextHref_Value":{"type":"string","description":"Enter initial value","x-ms-powerflows-param-ispartial":false},"FilterExpression_Value":{"type":"string","description":"Enter initial value","x-ms-powerflows-param-ispartial":false}},"required":["LibraryUrl_Value","NextHref_Value","FilterExpression_Value"]}}}},"actions":{"LibraryUrl":{"runAfter":{},"type":"InitializeVariable","inputs":{"variables":[{"name":"LibraryUrl","type":"string","value":"@{triggerBody()['LibraryUrl_Value']}"}]}},"NextHref":{"runAfter":{"LibraryUrl":["Succeeded"]},"type":"InitializeVariable","inputs":{"variables":[{"name":"NextHref","type":"string","value":"@{triggerBody()['NextHref_Value']}"}]}},"Condition_-_Paging":{"actions":{"NextHref_-_First_Page":{"runAfter":{},"type":"SetVariable","inputs":{"name":"NextHref","value":"?$Paged=TRUE&p_ID=1&PageFirstRow=1"}}},"runAfter":{"NextHref":["Succeeded"]},"expression":{"equals":["@toUpper( variables('NextHref') )","FALSE"]},"type":"If"},"TenantUrl":{"runAfter":{"HostName":["Succeeded"]},"type":"InitializeVariable","inputs":{"variables":[{"name":"TenantUrl","type":"string","value":"@{concat( 'https://', variables('HostName') )}"}]}},"HostName":{"runAfter":{"Condition_-_Paging":["Succeeded"]},"type":"InitializeVariable","inputs":{"variables":[{"name":"HostName","type":"string","value":"@{uriHost( variables('LibraryUrl') )}"}]}},"SiteRelativePath":{"runAfter":{"TenantUrl":["Succeeded"]},"type":"InitializeVariable","inputs":{"variables":[{"name":"SiteRelativePath","type":"string","value":"@{replace( substring( variables('LibraryUrl'), 0, lastIndexOf( variables('LibraryUrl'), '/' ) ), variables('TenantUrl'), '' )}"}]}},"RenderOptions":{"runAfter":{"LibraryName":["Succeeded"]},"type":"InitializeVariable","inputs":{"variables":[{"name":"RenderOptions","type":"integer","value":4103}]}},"DatesInUtc":{"runAfter":{"RenderOptions":["Succeeded"]},"type":"InitializeVariable","inputs":{"variables":[{"name":"DatesInUtc","type":"boolean","value":true}]}},"OrderBy":{"runAfter":{"DatesInUtc":["Succeeded"]},"type":"InitializeVariable","inputs":{"variables":[{"name":"OrderBy","type":"string","value":"            <OrderBy>                \n                <FieldRef Name=\\\"ID\\\" Ascending=\\\"True\\\" />\n            </OrderBy>"}]}},"PageSize":{"runAfter":{"OrderBy":["Succeeded"]},"type":"InitializeVariable","inputs":{"variables":[{"name":"PageSize","type":"integer","value":5000}]}},"ViewXML":{"runAfter":{"PageSize":["Succeeded"]},"type":"InitializeVariable","inputs":{"variables":[{"name":"ViewXML","type":"string","value":"        <View Scope=\\\"RecursiveAll\\\">\t\n            <ViewFields>\n                    <FieldRef Name=\\\"ID\\\" />\n                    <FieldRef Name=\\\"ContentType\\\" />\n                    <FieldRef Name=\\\"Title\\\" />\n                    <FieldRef Name=\\\"FileLeafRef\\\" />\n                    <FieldRef Name=\\\"File_x0020_Type\\\" />\n                    <FieldRef Name=\\\"DocIcon\\\" />\n                    <FieldRef Name=\\\"FileSizeDisplay\\\" />\n                    <FieldRef Name=\\\"SMTotalSize\\\" />\n                    <FieldRef Name=\\\"FileRef\\\" />\n                    <FieldRef Name=\\\"FileDirRef\\\" />\n                    <FieldRef Name=\\\"ServerUrl\\\" />\n                    <FieldRef Name=\\\"EncodedAbsUrl\\\" />\n                    <FieldRef Name=\\\"Created\\\" />\n                    <FieldRef Name=\\\"Created_x0020_Date\\\" />\n                    <FieldRef Name=\\\"Author\\\" />\n                    <FieldRef Name=\\\"Modified\\\" />\n                    <FieldRef Name=\\\"Last_x0020_Modified\\\" />\n                    <FieldRef Name=\\\"Editor\\\" />\n                    <FieldRef Name='MetaInfo' />\n                    <FieldRef Name='MetaInfo.' />\n                    <FieldRef Name=\\\"MediaServiceMetadata\\\" />\n                    <FieldRef Name=\\\"MediaServiceAutoTags\\\" />\n                    <FieldRef Name=\\\"MediaServiceLocation\\\" />\n                    <FieldRef Name=\\\"ItemChildCount\\\" />\n                    <FieldRef Name=\\\"FolderChildCount\\\" />\n                    <FieldRef Name=\\\"SMTotalFileCount\\\" />\n                    <FieldRef Name=\\\"_UIVersionString\\\" />\n                    <FieldRef Name=\\\"GUID\\\" />\n                    <FieldRef Name=\\\"ParentVersionString\\\" />\n                    <FieldRef Name=\\\"ParentLeafName\\\" />\n                    <FieldRef Name=\\\"ParentUniqueId\\\" />\n            </ViewFields>\n@{variables('OrderBy')}\n            <RowLimit Paged=\\\"TRUE\\\">@{variables('PageSize')}</RowLimit>\n        </View>"}]}},"LibraryName":{"runAfter":{"SiteRelativePath":["Succeeded"]},"type":"InitializeVariable","inputs":{"variables":[{"name":"LibraryName","type":"string","value":"@{replace( variables('LibraryUrl'), concat( variables('TenantUrl'), variables('SiteRelativePath'), '/' ), '' )}"}]}},"Graph_API_-_Get_List_Metadata":{"runAfter":{"ViewXML":["Succeeded"]},"metadata":{"flowSystemMetadata":{"swaggerOperationId":"HttpRequest"}},"type":"ApiConnection","inputs":{"host":{"connection":{"name":"@json(decodeBase64(triggerOutputs().headers['X-MS-APIM-Tokens']))['$connections']['shared_sharepointonline']['connectionId']"},"api":{"runtimeUrl":"https://flow-apim-europe-001-francecentral-01.azure-apim.net/apim/sharepointonline"}},"method":"post","body":{"method":"GET","uri":"_api/v2.0/sites/@{variables('HostName')}:@{variables('SiteRelativePath')}:/lists?$select=id,name,webUrl,displayName,system,list","headers":{"Accept":"application/json"}},"path":"/datasets/@{encodeURIComponent(encodeURIComponent(variables('TenantUrl')))}/httprequest","authentication":{"type":"Raw","value":"@json(decodeBase64(triggerOutputs().headers['X-MS-APIM-Tokens']))['$ConnectionKey']"}}},"Filter_Library_Queried":{"runAfter":{"Graph_API_-_Get_List_Metadata":["Succeeded"]},"type":"Query","inputs":{"from":"@array( body('Graph_API_-_Get_List_Metadata')['Value'] )","where":"@equals(item()['webUrl'], variables('LibraryUrl'))"}},"Send_an_HTTP_request_to_SharePoint_-_RenderListDataAsStream":{"runAfter":{"LibraryTitle":["Succeeded"]},"metadata":{"flowSystemMetadata":{"swaggerOperationId":"HttpRequest"}},"type":"ApiConnection","inputs":{"host":{"connection":{"name":"@json(decodeBase64(triggerOutputs().headers['X-MS-APIM-Tokens']))['$connections']['shared_sharepointonline']['connectionId']"},"api":{"runtimeUrl":"https://flow-apim-europe-001-francecentral-01.azure-apim.net/apim/sharepointonline"}},"method":"post","body":{"method":"POST","uri":"_api/web/lists/GetbyTitle('@{variables('LibraryTitle')}')/RenderListDataAsStream@{variables('NextHref')}","headers":{"Accept":"application/json;odata=verbose"},"body":"{\n    \"parameters\": {\n        \"RenderOptions\": @{variables('RenderOptions')},\n        \"DatesInUtc\": \"@{variables('DatesInUtc')}\",\n        \"ViewXml\": \"@{variables('ViewXML')}\"\n    }\n}"},"path":"/datasets/@{encodeURIComponent(encodeURIComponent(variables('TenantUrl'),variables('SiteRelativePath')))}/httprequest","authentication":{"type":"Raw","value":"@json(decodeBase64(triggerOutputs().headers['X-MS-APIM-Tokens']))['$ConnectionKey']"}}},"LibraryTitle":{"runAfter":{"Filter_Library_Queried":["Succeeded"]},"type":"InitializeVariable","inputs":{"variables":[{"name":"LibraryTitle","type":"string","value":"@{first( body('Filter_Library_Queried') )['displayName']}"}]}},"Fields_To_Return":{"runAfter":{"Condition":["Succeeded"]},"type":"Select","inputs":{"from":"@variables('QueryResults')","select":{"ID":"@item()['ID']","ContentType":"@item()?['ContentType']","Title":"@if( empty( item()['Title'] ), item()['FileLeafRef.Name'], item()['Title'] )","URIs":"@json( concat( '{',\n' \"HttpRoot\": \"', body('Send_an_HTTP_request_to_SharePoint_-_RenderListDataAsStream')['HttpRoot'], '\", ', \n' \"WebUrl\": \"', body('Send_an_HTTP_request_to_SharePoint_-_RenderListDataAsStream')['WebUrl'], '\", ', \n' \"ListUrl\": \"', body('Send_an_HTTP_request_to_SharePoint_-_RenderListDataAsStream')['ListUrl'], '\", ',\n' \"ListUrlDir\": \"', body('Send_an_HTTP_request_to_SharePoint_-_RenderListDataAsStream')['listUrlDir'], '\", ',\n' \"FileDirRef\": \"', item()['FileDirRef'], '\", ',\n' \"ServerRedirectedEmbedUrl\": \"', item()['ServerRedirectedEmbedUrl'], '\", ',\n' }' ) )","Counters":"@json( concat( '{', \n' \"ItemChildCount\": \"', item()['ItemChildCount'], '\", ', \n' \"FolderChildCount\": \"', item()['FolderChildCount'], '\", ', \n' \"SMTotalFileCount\": \"', item()['SMTotalFileCount'], '\", ',\n' }' ) )","Properties":"@json( concat( '{',\n' \"Name\": \"', item()['FileLeafRef.Name'], '\", ', \n' \"Suffix\": \"', item()['FileLeafRef.Suffix'], '\", ', \n' \"FileType\": \"', item()['File_x0020_Type'], '\", ',\n' \"FileRef\": \"', item()['FileRef'], '\", ',\n' \"FileRefEncodedAsUrl\": \"', item()['FileRef.urlencoding'], '\", ',\n' \"Size\": \"', item()['SMTotalSize'], '\", ',\n' \"Version\": \"', item()['_UIVersionString'], '\", ',\n' \"HTMLFileType\": \"', item()['HTML_x0020_File_x0020_Type.File_x0020_Type.mapall'], '\", ',\n' \"GUID\": \"', item()['GUID'], '\", ',\n' \"ParentUniqueId\": \"', item()['ParentUniqueId'], '\", ',\n' }' ) )","Created":"@item()['Created']","CreatedBy":"@item()['Author']","Author.Picture":"@item()['Author.picture']","Modified":"@item()['Modified']","ModifiedBy":"@item()['Editor']","Editor.Picture":"@item()['Editor.picture']","MediaServiceMetadata":"@item()?['MediaServiceMetadata']","NextHref":"@ if( greaterOrEquals(body('Send_an_HTTP_request_to_SharePoint_-_RenderListDataAsStream')['ListData']['LastRow'], int(body('Send_an_HTTP_request_to_SharePoint_-_RenderListDataAsStream')['ListSchema']['ItemCount'])), '', concat('?SortField=ID&$Paged=TRUE&p_ID=', add(int(last(array(body('Send_an_HTTP_request_to_SharePoint_-_RenderListDataAsStream')['ListData']['Row']))?['ID']),1),'&PageFirstRow=',add(int(body('Send_an_HTTP_request_to_SharePoint_-_RenderListDataAsStream')['ListData']?['LastRow']),1),'&$top=', string(variables('PageSize'))))","ThumbnailUrl":"@concat(replace(replace(replace(replace(replace(body('Send_an_HTTP_request_to_SharePoint_-_RenderListDataAsStream')['ListSchema']?['.thumbnailUrl'],'{.mediaBaseUrl}',body('Send_an_HTTP_request_to_SharePoint_-_RenderListDataAsStream')['ListSchema']?['.mediaBaseUrl']),'{.fileType}','jpg'),'{.callerStack}',body('Send_an_HTTP_request_to_SharePoint_-_RenderListDataAsStream')['ListSchema']?['.callerStack']),'{.spItemUrl}',concat(replace(body('Send_an_HTTP_request_to_SharePoint_-_RenderListDataAsStream')['ListSchema']?['.driveUrl'],':','%3A'),'%2Froot%3A',replace(item()['FileRef.urlencode'],replace(body('Send_an_HTTP_request_to_SharePoint_-_RenderListDataAsStream')['listUrlDir'],'/','%2F'),''),'%3A%3Fversion%3DPublished&encodeFailures%3D1')),'{.driveAccessToken}',body('Send_an_HTTP_request_to_SharePoint_-_RenderListDataAsStream')['ListSchema']?['.driveAccessToken']),'&width=800&height=800') ","FileName":"@item()['FileLeafRef']","MediaServiceAutoTags":"@item()?['MediaServiceAutoTags']","Metainfo":"@item()?['MetaInfo']"}}},"Response":{"runAfter":{"Fields_To_Return":["Succeeded"]},"type":"Response","kind":"Http","inputs":{"statusCode":200,"body":"@body('Fields_To_Return')","schema":{"type":"array","items":{"type":"object","properties":{"ID":{"type":"string"},"ContentType":{"type":"string"},"Title":{"type":"string"},"FileName":{"type":"string"},"URIs":{"type":"object","properties":{"HttpRoot":{"type":"string"},"WebUrl":{"type":"string"},"ListUrl":{"type":"string"},"ListUrlDir":{"type":"string"},"FileDirRef":{"type":"string"},"ServerRedirectedEmbedUrl":{"type":"string"}}},"Counters":{"type":"object","properties":{"ItemChildCount":{"type":"integer"},"FolderChildCount":{"type":"integer"},"SMTotalFileCount":{"type":"integer"}}},"Properties":{"type":"object","properties":{"Name":{"type":"string"},"Suffix":{"type":"string"},"FileType":{"type":"string"},"FileRef":{"type":"string"},"FileRefEncodedAsUrl":{"type":"string"},"Size":{"type":"integer"},"Version":{"type":"number"},"Tags":{"type":"number"},"Location":{"type":"number"},"HTMLFileType":{"type":"string"},"GUID":{"type":"string"},"ListGUID":{"type":"string"},"ParentUniqueId":{"type":"string"}}},"Created":{"type":"string"},"CreatedBy":{"type":"array","items":{"type":"object","properties":{"id":{"type":"string"},"title":{"type":"string"},"email":{"type":"string"},"sip":{"type":"string"},"picture":{"type":"string"}},"required":[]}},"Author.Picture":{"type":"string"},"Modified":{"type":"string"},"ModifiedBy":{"type":"array","items":{"type":"object","properties":{"id":{"type":"string"},"title":{"type":"string"},"email":{"type":"string"},"sip":{"type":"string"},"picture":{"type":"string"}},"required":[]}},"Editor.Picture":{"type":"string"},"MediaServiceMetadata":{"type":"object","properties":{"ctag":{"type":"string"},"generationTime":{"type":"string"},"lastStreamUpdateTime":{"type":"string"},"modules":{"type":"array","items":{"type":"object","properties":{"module":{"type":"string"},"version":{"type":"integer"}},"required":[]}},"media":{"type":"object","properties":{"drm":{"type":"boolean"},"duration":{"type":"integer"}}},"address":{"type":"object","properties":{"City":{"type":"string"},"State":{"type":"string"},"Country":{"type":"string"},"EnglishAddress":{"type":"string"},"LocalizedAddress":{"type":"string"}}},"location":{"type":"object","properties":{"altitude":{"type":"number"},"latitude":{"type":"number"},"longitude":{"type":"number"}}},"photo":{"type":"object","properties":{"cameraManufacturer":{"type":"string"},"cameraModel":{"type":"string"},"dateTaken":{"type":"string"},"exposureTimeNumerator":{"type":"integer"},"exposureTimeDenominator":{"type":"integer"},"fNumber":{"type":"number"},"focalLength":{"type":"number"},"width":{"type":"integer"},"orientation":{"type":"integer"},"isoSpeed":{"type":"integer"},"height":{"type":"integer"}}},"tags":{"type":"array","items":{"type":"object","properties":{"name":{"type":"string"},"localizedName":{},"confidence":{"type":"number"}},"required":[]}},"document":{"type":"object","properties":{"language":{"type":"string"},"extension":{"type":"string"}}},"keyPoints":{"type":"array","items":{"type":"object","properties":{"text":{"type":"string"},"score":{"type":"number"},"state":{"type":"string"},"paragraphIndex":{"type":"integer"},"keyPointId":{"type":"string"},"extractionId":{"type":"string"},"hash":{"type":"string"}},"required":["text","score","state","paragraphIndex","keyPointId","extractionId","hash"]}},"timeToRead":{"type":"integer"},"audio":{"type":"object","properties":{"channelCount":{"type":"integer"},"encodingBitrate":{"type":"integer"},"format":{"type":"string"},"sampleRate":{"type":"integer"},"sampleSize":{"type":"integer"}}},"video":{"type":"object","properties":{"encodingBitrate":{"type":"integer"},"fourCC":{"type":"string"},"frameHeight":{"type":"integer"},"frameRate":{"type":"integer"},"frameWidth":{"type":"integer"},"manifestMetadata":{"type":"string"}}},"officeBundle":{"type":"object","properties":{"ctag":{"type":"string"},"version":{"type":"string"},"generationTime":{"type":"string"},"generationReason":{"type":"string"}}}}},"NextHref":{"type":"string"},"ThumbnailUrl":{"type":"string"},"MediaServiceAutoTags":{"type":"string"}},"required":[]}}}},"FilterExpression":{"runAfter":{"QueryResults":["Succeeded"]},"type":"InitializeVariable","inputs":{"variables":[{"name":"FilterExpression","type":"string","value":"@{triggerBody()['FilterExpression_Value']}"}]}},"QueryResults":{"runAfter":{"Send_an_HTTP_request_to_SharePoint_-_RenderListDataAsStream":["Succeeded"]},"type":"InitializeVariable","inputs":{"variables":[{"name":"QueryResults","type":"array","value":"@array(body('Send_an_HTTP_request_to_SharePoint_-_RenderListDataAsStream')['ListData']['Row'])"}]}},"Condition":{"actions":{"Filter_Results":{"runAfter":{},"type":"Query","inputs":{"from":"@variables('QueryResults')","where":"@and(not(equals(item()['ContentType'], 'Folder')), not(empty(item()['MediaServiceMetadata'])),contains(toUpper(if(empty(item()['MediaServiceMetadata']), '', item()['MediaServiceMetadata'])), toUpper(variables('FilterExpression'))))\n"}},"Filtered_Query_Results":{"runAfter":{"Filter_Results":["Succeeded"]},"type":"SetVariable","inputs":{"name":"QueryResults","value":"@body('Filter_Results')"}}},"runAfter":{"FilterExpression":["Succeeded"]},"else":{"actions":{"Filter_Results_Remove_Folders":{"runAfter":{},"type":"Query","inputs":{"from":"@variables('QueryResults')","where":"@not( equals( item()['ContentType'], 'Folder' )  ) "}},"Filtered_Query_Results_Without_Folders":{"runAfter":{"Filter_Results_Remove_Folders":["Succeeded"]},"type":"SetVariable","inputs":{"name":"QueryResults","value":"@body('Filter_Results_Remove_Folders')"}}}},"expression":{"not":{"equals":["@toUpper( variables('FilterExpression') )","FALSE"]}},"type":"If"}}},"connectionReferences":{"shared_sharepointonline":{"connectionName":"shared-sharepointonl-068e0ebe-8033-4a49-9d6d-7fa2d29576ee","source":"Invoker","id":"/providers/Microsoft.PowerApps/apis/shared_sharepointonline","tier":"NotSpecified"}},"flowFailureAlertSubscribed":false}}