{"schemaVersion":"1.0","appDefinitionTemplate":{"id":"/providers/Microsoft.PowerApps/apps/","type":"Microsoft.PowerApps/apps","tags":{"primaryDeviceWidth":"1366","primaryDeviceHeight":"768","sienaVersion":"20200519T114100Z-3.20051.16.0","deviceCapabilities":"","supportsPortrait":"false","supportsLandscape":"true","primaryFormFactor":"Tablet","publisherVersion":"3.20051.16","minimumRequiredApiVersion":"2.2.0","hasComponent":"false","hasUnlockedComponent":"false","isUnifiedRootApp":"false"},"properties":{"appVersion":"2020-05-19T11:41:00Z","lifeCycleId":"Published","createdByClientVersion":{"major":3,"minor":20051,"build":16,"revision":0,"majorRevision":0,"minorRevision":0},"minClientVersion":{"major":3,"minor":20051,"build":16,"revision":0,"majorRevision":0,"minorRevision":0},"backgroundColor":"rgba(76, 74, 72, 1)","backgroundImageUri":"/6942809989977616507/N55a19170-1976-4300-8709-6228fad881fb-logoSmallFile","displayName":"All Things 365 MSM Showcase","description":"","commitMessage":"","appUris":{"documentUri":{"value":"/6942809989977616507/Ndbe7f951-0404-45b2-b2e3-c5466e54e5a0-document.msapp","readonlyValue":"/6942809989977616507/Ndbe7f951-0404-45b2-b2e3-c5466e54e5a0-document.msapp"},"imageUris":[]},"createdTime":"0001-01-01T00:00:00Z","lastModifiedTime":"0001-01-01T00:00:00Z","sharedGroupsCount":0,"sharedUsersCount":0,"icons":{"smallIconUri":"/6942809989977616507/N9ffa9507-2abe-4f73-9d11-1cac13288a30-small.png","mediumIconUri":"/6942809989977616507/N0e3c2544-7190-4793-946f-76fafa21131d-medium.png","largeIconUri":"/6942809989977616507/N96699369-78b4-478a-a0c0-3b1419d89bbe-large.png","wideIconUri":"/6942809989977616507/N8f9d9e79-6d04-4869-b272-6d6e73097dff-wide.png"},"connectionReferences":{"42807617-6475-4998-9d4a-c73e131ca75a":{"id":"d48c83ee-d64d-4ed3-ad98-ea7546076dd7","displayName":"SharePoint","iconUri":"https://connectoricons-prod.azureedge.net/sharepointonline/icon_1.0.1329.1956.png","dataSources":["Documents","Site Assets","Pictures","Media Assets"],"dependencies":[],"dependents":["2f82df29-223b-4bf5-923d-50f30e72d332","e0019f49-5991-48d5-8217-3ea71f7442ad"],"parameterHints":{},"isOnPremiseConnection":false,"bypassConsent":false,"dataSets":{"https://wonderkid.sharepoint.com/teams/allthings365/msmdemo2/":{"dataSources":{"Documents":{"tableName":"7c6a741a-97b8-4c64-974c-b6ae90cb906c"},"Site Assets":{"tableName":"Site Assets"},"Pictures":{"tableName":"Pictures"},"Media Assets":{"tableName":"Media Assets"}}}},"apiTier":"Standard","isCustomApiConnection":false},"2f82df29-223b-4bf5-923d-50f30e72d332":{"id":"23e84b48-ff96-4a08-9355-e2a0c98260fc","displayName":"Logic flows","iconUri":"https://resourcestackdeploy.blob.core.windows.net/scripts/13276078.png","dataSources":["SharePoint_MSM_DriveItems"],"dependencies":["42807617-6475-4998-9d4a-c73e131ca75a"],"dependents":[],"parameterHints":{"workflowName":{"value":"9de83278-b603-4182-acae-8c5590eea472"},"42807617-6475-4998-9d4a-c73e131ca75a":{"value":"shared_sharepointonline"}},"isOnPremiseConnection":false,"bypassConsent":false,"dataSets":{},"apiTier":"Standard","isCustomApiConnection":false},"e0019f49-5991-48d5-8217-3ea71f7442ad":{"id":"23e84b48-ff96-4a08-9355-e2a0c98260fc","displayName":"Logic flows","iconUri":"https://resourcestackdeploy.blob.core.windows.net/scripts/13276078.png","dataSources":["SharePoint_MSM_RenderListDataAsStream"],"dependencies":["42807617-6475-4998-9d4a-c73e131ca75a"],"dependents":[],"parameterHints":{"workflowName":{"value":"1933345b-de25-4b04-8395-e23e36f579d1"},"42807617-6475-4998-9d4a-c73e131ca75a":{"value":"shared_sharepointonline"}},"isOnPremiseConnection":false,"bypassConsent":false,"dataSets":{},"apiTier":"Standard","isCustomApiConnection":false}},"databaseReferences":{},"almMode":"Environment","performanceOptimizationEnabled":false,"canConsumeAppPass":true},"isAppComponentLibrary":false,"appType":"ClassicCanvasApp","appComponents":[]}}