{"name":"806ad74e-4769-4362-a3a7-1d5e763222d3","id":"/providers/Microsoft.Flow/flows/806ad74e-4769-4362-a3a7-1d5e763222d3","type":"Microsoft.Flow/flows","properties":{"apiId":"/providers/Microsoft.PowerApps/apis/shared_logicflows","displayName":"SharePoint_MSM_DriveItems","definition":{"metadata":{"workflowEntityId":null,"creator":{"id":"5577332b-f7c3-4476-b52f-8747b67c6122","type":"User","tenantId":"3b760753-7f55-4e44-bd2c-43a68d36df2e"},"provisioningMethod":"FromDefinition","failureAlertSubscription":true,"clientLastModifiedTime":"2020-06-10T16:39:45.2148888Z"},"$schema":"https://schema.management.azure.com/providers/Microsoft.Logic/schemas/2016-06-01/workflowdefinition.json#","contentVersion":"1.0.0.0","parameters":{"$connections":{"defaultValue":{},"type":"Object"},"$authentication":{"defaultValue":{},"type":"SecureObject"}},"triggers":{"manual":{"type":"Request","kind":"PowerApp","inputs":{"schema":{"type":"object","properties":{"SiteLibraryURL_Value":{"type":"string","description":"Enter initial value","x-ms-powerflows-param-ispartial":false},"DriveIdFolderId_Value":{"type":"string","description":"Enter initial value","x-ms-powerflows-param-ispartial":false},"OdataNextLink_Value":{"type":"string","description":"Enter initial value","x-ms-powerflows-param-ispartial":false},"PageSize_Value":{"type":"string","description":"Enter initial value","x-ms-powerflows-param-ispartial":false},"GraphQueryFilter_Value":{"type":"string","description":"Enter initial value","x-ms-powerflows-param-ispartial":false}},"required":["SiteLibraryURL_Value","DriveIdFolderId_Value","OdataNextLink_Value","PageSize_Value","GraphQueryFilter_Value"]}}}},"actions":{"Site_Library_URL":{"runAfter":{"Flow_Input_Parameters_Guidance":["Succeeded"]},"type":"InitializeVariable","inputs":{"variables":[{"name":"Site Library URL","type":"string","value":"@{triggerBody()['SiteLibraryURL_Value']}"}]},"description":"The full URL to the Document Library. For example: https://tenant.sharepoint.com/teams/allthings365/demo/Shared%20Documents"},"DriveId_FolderId":{"runAfter":{"Site_Library_URL":["Succeeded"]},"type":"InitializeVariable","inputs":{"variables":[{"name":"DriveId FolderId","type":"string","value":"@{triggerBody()['DriveIdFolderId_Value']}"}]},"description":"\"false\", or to retrieve the items within a folder \"drives/DriveId/items/FolderId\". For example: \"drives/b!L6KQhCO3JU2esQgLKuC2RnnRGFV44345fscMw5aGwl-h8E5o4rFvdbDmSZspYnvMLwqU/items/01SHFS45EGWASOWGFDFG345L7BWNLVHE\""},"Page_Size":{"runAfter":{"OdataNextLink":["Succeeded"]},"type":"InitializeVariable","inputs":{"variables":[{"name":"Page Size","type":"string","value":"@{triggerBody()['PageSize_Value']}"}]},"description":"The page size threshold (1-5000)"},"OdataNextLink":{"runAfter":{"DriveId_FolderId":["Succeeded"]},"type":"InitializeVariable","inputs":{"variables":[{"name":"OdataNextLink","type":"string","value":"@{triggerBody()['OdataNextLink_Value']}"}]},"description":"This variable is used to manage paging when the total number of items in a Library exceeds the number specified in the Page Size variable. For the first page of results this input parameter variables specified when running this flow should be \"false\""},"Tenant_Url":{"runAfter":{"Host_Name":["Succeeded"]},"type":"InitializeVariable","inputs":{"variables":[{"name":"Tenant Url","type":"string","value":"@{concat( 'https://', variables('Host Name') )}"}]},"description":"For readiblity the tenant root URL is extracted from the Site Library Url variable into the Tenant Url variable"},"Host_Name":{"runAfter":{"Graph_Query_Filter":["Succeeded"]},"type":"InitializeVariable","inputs":{"variables":[{"name":"Host Name","type":"string","value":"@{uriHost( variables('Site Library Url') )}"}]},"description":"For readiblity the host name (aka tenant name) is extracted from the Site Library Url variable into the Host Name variable"},"Site_Relative_Path":{"runAfter":{"Tenant_Url":["Succeeded"]},"type":"InitializeVariable","inputs":{"variables":[{"name":"Site Relative Path","type":"string","value":"@{replace( substring( variables('Site Library Url'), 0, lastIndexOf( variables('Site Library Url'), '/' ) ), variables('Tenant Url'), '' )}"}]},"description":"For readability the relative path to the site/web containing the Library being queried is extracted from the Site Library Url variable into the Site Relative Path variable, e.g.: /teams/allthings365/demo"},"Site_Id":{"runAfter":{"Site_Relative_Path":["Succeeded"]},"type":"InitializeVariable","inputs":{"variables":[{"name":"Site Id","type":"string"}]}},"Library_Name":{"runAfter":{"Site_Id":["Succeeded"]},"type":"InitializeVariable","inputs":{"variables":[{"name":"Library Name","type":"string","value":"@{decodeUriComponent( replace( variables('Site Library Url'), concat( variables('Tenant Url'), variables('Site Relative Path'), '/' ), '' ) )}"}]},"description":"For readability the name of the Library being queried is extracted from the Site Library Url variable into the Library Name variable, e.g.: \"Shared%20Documents\" => \"Shared Documents\""},"Graph_Uri":{"runAfter":{"Drive_Id":["Succeeded"]},"type":"InitializeVariable","inputs":{"variables":[{"name":"Graph Uri","type":"string"}]}},"Field_Names":{"runAfter":{"Graph_Uri":["Succeeded"]},"type":"InitializeVariable","inputs":{"variables":[{"name":"Field Names","type":"string","value":"Name, File_x0020_Type, FileLeafRef, FileRef, FileDirRef, ServerUrl, AuthorLookupId, EditorLookupId, DocIcon, FileSizeDisplay, ItemChildCount, FolderChildCount, SMTotalFileCount, _UIVersionString, FileSizeDisplay, SMTotalSize, ServerUrl, EncodedAbsUrl, GUID, MetaInfo, MediaServiceMetadata, MediaServiceAutoTags"}]},"description":"For readability the Field Names variable contains the fields to be returned when the Graph API is called for the Library being queried."},"Condition_-_Paging":{"actions":{"Get_Site_Information":{"runAfter":{},"metadata":{"flowSystemMetadata":{"swaggerOperationId":"HttpRequest"}},"type":"ApiConnection","inputs":{"host":{"connection":{"name":"@json(decodeBase64(triggerOutputs().headers['X-MS-APIM-Tokens']))['$connections']['shared_sharepointonline']['connectionId']"},"api":{"runtimeUrl":"https://europe-002.azure-apim.net/apim/sharepointonline"}},"method":"post","body":{"method":"GET","uri":"_api/v2.0/sites/@{variables('Host Name')}:@{variables('Site Relative Path')}","headers":{"Accept":"application/json"}},"path":"/datasets/@{encodeURIComponent(encodeURIComponent(variables('Tenant Url')))}/httprequest","authentication":{"type":"Raw","value":"@json(decodeBase64(triggerOutputs().headers['X-MS-APIM-Tokens']))['$ConnectionKey']"}}},"Set_variable_-_Site_Id":{"runAfter":{"Get_Site_Information":["Succeeded"]},"type":"SetVariable","inputs":{"name":"Site Id","value":"@{body('Get_Site_Information')?['Id']}"}},"Get_Site_Document_Libraries":{"runAfter":{"Set_variable_-_Site_Id":["Succeeded"]},"metadata":{"flowSystemMetadata":{"swaggerOperationId":"HttpRequest"}},"type":"ApiConnection","inputs":{"host":{"connection":{"name":"@json(decodeBase64(triggerOutputs().headers['X-MS-APIM-Tokens']))['$connections']['shared_sharepointonline']['connectionId']"},"api":{"runtimeUrl":"https://europe-002.azure-apim.net/apim/sharepointonline"}},"method":"post","body":{"method":"GET","uri":"_api/v2.0/sites/@{variables('Host Name')}:@{variables('Site Relative Path')}:/drives?$select=id,name,webUrl,system","headers":{"Accept":"application/json"}},"path":"/datasets/@{encodeURIComponent(encodeURIComponent(variables('Tenant Url')))}/httprequest","authentication":{"type":"Raw","value":"@json(decodeBase64(triggerOutputs().headers['X-MS-APIM-Tokens']))['$ConnectionKey']"}}},"Filter_Library_Being_Queried":{"runAfter":{"Get_Site_Document_Libraries":["Succeeded"]},"type":"Query","inputs":{"from":"@array( body('Get_Site_Document_Libraries')['value'] )","where":"@equals(item()?['webUrl'], variables('Site Library URL'))"}},"Set_variable_-_Drive_Id":{"runAfter":{"Filter_Library_Being_Queried":["Succeeded"]},"type":"SetVariable","inputs":{"name":"Drive Id","value":"@{first( body('Filter_Library_Being_Queried') )?['Id']}"}},"Set_variable_-_GraphUri_-_First_Page":{"runAfter":{"Set_variable_-_Drive_Id":["Succeeded"]},"type":"SetVariable","inputs":{"name":"Graph Uri","value":"@{concat( \n  '_api/v2.0/sites/', \n  variables('Site Id'),\n  '/drives/',\n  variables('Drive Id'),\n  '/root/children?$expand=thumbnails($select=large),listitem($expand=fields($select=',variables('Field Names'),'))&$select=*&$top=', variables('Page Size') \n)}"}}},"runAfter":{"Field_Names":["Succeeded"]},"else":{"actions":{"Set_variable_-_GraphUri_-_Next_Page":{"runAfter":{},"type":"SetVariable","inputs":{"name":"Graph Uri","value":"@variables('OdataNextLink')"}}}},"expression":{"equals":["@toUpper( variables('OdataNextLink') )","@toUpper( 'false' )"]},"type":"If"},"Drive_Id":{"runAfter":{"Library_Name":["Succeeded"]},"type":"InitializeVariable","inputs":{"variables":[{"name":"Drive Id","type":"string"}]}},"Get_Drive_Items":{"runAfter":{"Condition_-_Paging":["Succeeded"]},"metadata":{"flowSystemMetadata":{"swaggerOperationId":"HttpRequest"}},"type":"ApiConnection","inputs":{"host":{"connection":{"name":"@json(decodeBase64(triggerOutputs().headers['X-MS-APIM-Tokens']))['$connections']['shared_sharepointonline']['connectionId']"},"api":{"runtimeUrl":"https://europe-002.azure-apim.net/apim/sharepointonline"}},"method":"post","body":{"method":"GET","uri":"@variables('Graph Uri')","headers":{"Accept":"application/json"}},"path":"/datasets/@{encodeURIComponent(encodeURIComponent(variables('Tenant Url')))}/httprequest","authentication":{"type":"Raw","value":"@json(decodeBase64(triggerOutputs().headers['X-MS-APIM-Tokens']))['$ConnectionKey']"}}},"Fields_To_Return":{"runAfter":{"Get_Drive_Items":["Succeeded"]},"type":"Select","inputs":{"from":"@array( body('Get_Drive_Items')['value'] )","select":{"ID":"@item()?['id']","ContentType":"@item()?['listItem']?['contentType']?['name']","URIs":"@json( concat( '{',\n' \"WebUrl\": \"', substring( variables('Site Library Url'), 0, lastIndexOf( variables('Site Library Url'), '/' ) ), '\", ', \n' \"ListUrl\": \"', decodeUriComponent( replace( variables('Site Library Url'), variables('Tenant Url'), '' ) ), '\", ',\n' \"ListUrlDir\": \"', replace( variables('Site Library Url'), variables('Tenant Url'), '' ), '\", ',\n' \"FileDirRef\": \"', item()?['listItem']?['fields']?['FileDirRef'], '\", ',\n' \"EncodedAbsUrl\": \"', item()?['listItem']?['fields']?['EncodedAbsUrl'], '\", ',\n' }' ) )","Counters":"@json( concat( '{',\n' \"ItemChildCount\": \"', item()?['listItem']?['fields']?['ItemChildCount'], '\", ',\n' \"FolderChildCount\": \"', item()?['listItem']?['fields']?['FolderChildCount'], '\", ',\n' \"SMTotalFileCount\": \"', item()?['listItem']?['fields']?['SMTotalFileCount'], '\", ',\n' }' ) )","Properties":"@json( concat( '{',\n' \"Name\": \"', item()?['name'], '\", ',\n' \"FileType\": \"', item()?['listItem']?['fields']?['File_x0020_Type'], '\", ',\n' \"FileRef\": \"', item()?['listItem']?['fields']?['FileRef'], '\", ',\n' \"FileRefEncodedAsUrl\": \"', replace( item()?['listItem']?['fields']?['EncodedAbsUrl'], variables('Tenant Url'), '' ), '\", ',\n' \"Size\": \"', item()?['size'], '\", ',\n' \"Version\": \"', item()?['listItem']?['fields']?['_UIVersionString'], '\", ',\n' \"GUID\": \"', item()?['listItem']?['fields']?['GUID'], '\", ',\n' }' ) )","Created":"@item()?['createdDateTime']","CreatedBy":"@item()?['createdBy']?['user']","Modified":"@item()?['lastModifiedDateTime']","ModifiedBy":"@item()?['lastModifiedBy']?['user']","FileName":"@item()?['name']","MediaServiceMetadata":"@json( if( empty( item()?['listItem']?['fields']?['MediaServiceMetadata'] ), '{}', item()?['listItem']?['fields']?['MediaServiceMetadata'] ) )","ThumbnailUrl":"@if(empty(item()?['thumbnails']),'',item()?['thumbnails']?[0]['large']?['url'])","Facets":"@json( concat( '{',\n' \"fileSystemInfo\": ', item()?['fileSystemInfo'], ', ',\n' \"folder\": ', item()?['folder'], ', ', \n' \"file\": ', item()?['file'], ', ',\n' \"image\": ', item()?['image'], ', ', \n' \"photo\": ', item()?['photo'], ', ',\n' \"video\": ', item()?['video'], ', ',\n' \"package\": ', item()?['package'], ', ',\n' }' ) )","Odata":"@json( concat( '{',\n' \"id\": \"', item()?['@odata.id'], '\", ', \n' \"editLink\": \"', item()?['@odata.editLink'], '\", ', \n' }' ) )","OdataNextLink":"@If( empty( body('Get_Drive_Items')?['@odata.nextLink'] ),\n    '',\n    replace( body('Get_Drive_Items')?['@odata.nextLink'], variables('Tenant Url'), '' )\n)","MediaServiceAutoTags":"@item()?['listItem']?['fields']?['MediaServiceAutoTags']"}}},"Response":{"runAfter":{"Fields_To_Return":["Succeeded"]},"type":"Response","kind":"Http","inputs":{"statusCode":200,"body":"@body('Fields_To_Return')","schema":{"type":"array","items":{"type":"object","properties":{"ID":{"type":"string"},"ContentType":{"type":"string"},"URIs":{"type":"object","properties":{"WebUrl":{"type":"string"},"ListUrl":{"type":"string"},"ListUrlDir":{"type":"string"},"FileDirRef":{"type":"string"},"EncodedAbsUrl":{"type":"string"}}},"Counters":{"type":"object","properties":{"ItemChildCount":{"type":"integer"},"FolderChildCount":{"type":"integer"},"SMTotalFileCount":{"type":"integer"}}},"Properties":{"type":"object","properties":{"Name":{"type":"string"},"FileType":{"type":"string"},"FileRef":{"type":"string"},"FileRefEncodedAsUrl":{"type":"string"},"Size":{"type":"string"},"Version":{"type":"string"},"GUID":{"type":"string"}}},"Created":{"type":"string"},"CreatedBy":{"type":"array","items":{"type":"object","properties":{"email":{"type":"string"},"id":{"type":"string"},"displayName":{"type":"string"}},"required":[]}},"Modified":{"type":"string"},"ModifiedBy":{"type":"array","items":{"type":"object","properties":{"email":{"type":"string"},"id":{"type":"string"},"displayName":{"type":"string"}},"required":[]}},"FileName":{"type":"string"},"MediaServiceMetadata":{"type":"object","properties":{"ctag":{"type":"string"},"generationTime":{"type":"string"},"lastStreamUpdateTime":{"type":"string"},"modules":{"type":"array","items":{"type":"object","properties":{"module":{"type":"string"},"version":{"type":"integer"}},"required":[]}},"media":{"type":"object","properties":{"drm":{"type":"boolean"},"duration":{"type":"integer"},"author":{"type":"string"},"title":{"type":"string"},"copyright":{"type":"string"},"rating":{"type":"integer"},"keywords":{"type":"array","items":{"type":"string"}}}},"address":{"type":"object","properties":{"City":{"type":"string"},"State":{"type":"string"},"Country":{"type":"string"},"EnglishAddress":{"type":"string"},"LocalizedAddress":{"type":"string"}}},"location":{"type":"object","properties":{"altitude":{"type":"number"},"latitude":{"type":"number"},"longitude":{"type":"number"}}},"photo":{"type":"object","properties":{"cameraManufacturer":{"type":"string"},"cameraModel":{"type":"string"},"dateTaken":{"type":"string"},"exposureTimeNumerator":{"type":"integer"},"exposureTimeDenominator":{"type":"integer"},"fNumber":{"type":"number"},"focalLength":{"type":"number"},"width":{"type":"integer"},"orientation":{"type":"integer"},"isoSpeed":{"type":"integer"},"height":{"type":"integer"}}},"tags":{"type":"array","items":{"type":"object","properties":{"name":{"type":"string"},"localizedName":{},"confidence":{"type":"number"}},"required":[]}},"document":{"type":"object","properties":{"language":{"type":"string"},"extension":{"type":"string"}}},"keyPoints":{"type":"array","items":{"type":"object","properties":{"text":{"type":"string"},"score":{"type":"number"},"state":{"type":"string"},"paragraphIndex":{"type":"integer"},"keyPointId":{"type":"string"},"extractionId":{"type":"string"},"hash":{"type":"string"}},"required":["text","score","state","paragraphIndex","keyPointId","extractionId","hash"]}},"timeToRead":{"type":"integer"},"audio":{"type":"object","properties":{"channelCount":{"type":"integer"},"encodingBitrate":{"type":"integer"},"format":{"type":"string"},"sampleRate":{"type":"integer"},"sampleSize":{"type":"integer"}}},"video":{"type":"object","properties":{"encodingBitrate":{"type":"integer"},"fourCC":{"type":"string"},"frameHeight":{"type":"integer"},"frameRate":{"type":"integer"},"frameWidth":{"type":"integer"},"manifestMetadata":{"type":"string"}}},"officeBundle":{"type":"object","properties":{"ctag":{"type":"string"},"version":{"type":"string"},"generationTime":{"type":"string"},"generationReason":{"type":"string"}}},"text":{"type":"array","items":{"type":"object","properties":{"boundingBox":{"type":"string"},"entityType":{"type":"string"},"text":{"type":"string"}},"required":[]}},"wordDump":{"type":"string"}}},"MediaServiceAutoTags":{"type":"string"},"ThumbnailUrl":{"type":"string"},"Facets":{"type":"object","properties":{"fileSystemInfo":{"type":"object","properties":{"createdDateTime":{"type":"string"},"lastModifiedDateTime":{"type":"string"}}},"folder":{},"file":{"type":"object","properties":{"irmEnabled":{"type":"boolean"},"mimeType":{"type":"string"}}},"image":{"type":"object","properties":{"height":{"type":"integer"},"width":{"type":"integer"}}},"photo":{"type":"object","properties":{"takenDateTime":{"type":"string"}}},"video":{},"package":{}}},"Odata":{"type":"object","properties":{"id":{"type":"string"},"editLink":{"type":"string"}}},"OdataNextLink":{"type":"string"}},"required":[]}}}},"Graph_Query_Filter":{"runAfter":{"Page_Size":["Succeeded"]},"type":"InitializeVariable","inputs":{"variables":[{"name":"Graph Query Filter","type":"string","value":"@{triggerBody()['GraphQueryFilter_Value']}"}]},"description":"Placeholder for future implementation"},"Flow_Input_Parameters_Guidance":{"runAfter":{},"type":"InitializeVariable","inputs":{"variables":[{"name":"Flow Input Parameters Guidance","type":"string","value":"This flow is designed in such a way that different input parameter are required dependant on the desired content to be return in any given flow run. \n\nWhere any input parameters may be irrelevant and should be ignored for any given flow run, the value of those input parameter(s) passed into the flow should be set to \"false\" for that flow run."}]}}}},"connectionReferences":{"shared_sharepointonline":{"connectionName":"39e81e9cf600414ba3c14a06523c6164","source":"Invoker","id":"/providers/Microsoft.PowerApps/apis/shared_sharepointonline","tier":"NotSpecified"}},"flowFailureAlertSubscribed":false}}