{"schemaVersion":"1.0","appDefinitionTemplate":{"id":"/providers/Microsoft.PowerApps/apps/","type":"Microsoft.PowerApps/apps","tags":{"primaryDeviceWidth":"1366","primaryDeviceHeight":"768","sienaVersion":"20200602T173808Z-3.20053.22.0","deviceCapabilities":"","supportsPortrait":"false","supportsLandscape":"true","primaryFormFactor":"Tablet","publisherVersion":"3.20053.22","minimumRequiredApiVersion":"2.2.0","hasComponent":"false","hasUnlockedComponent":"false","isUnifiedRootApp":"false"},"properties":{"appVersion":"2020-06-02T17:38:08Z","lifeCycleId":"Published","createdByClientVersion":{"major":3,"minor":20053,"build":22,"revision":0,"majorRevision":0,"minorRevision":0},"minClientVersion":{"major":3,"minor":20053,"build":22,"revision":0,"majorRevision":0,"minorRevision":0},"backgroundColor":"rgba(76, 74, 72, 1)","backgroundImageUri":"/15807167105741385708/N83bb99c0-0164-4d1f-a740-119076de4842-logoSmallFile","displayName":"All Things 365 MSM Showcase","description":"","commitMessage":"","appUris":{"documentUri":{"value":"/15807167105741385708/Na8cf3899-1073-47b6-9333-1ee7700e80bd-document.msapp","readonlyValue":"/15807167105741385708/Na8cf3899-1073-47b6-9333-1ee7700e80bd-document.msapp"},"imageUris":[]},"createdTime":"0001-01-01T00:00:00Z","lastModifiedTime":"0001-01-01T00:00:00Z","sharedGroupsCount":0,"sharedUsersCount":0,"icons":{"smallIconUri":"/15807167105741385708/Nbef27840-046c-4ddd-9bdb-70f2587d93ee-small.png","mediumIconUri":"/15807167105741385708/N148eca67-a6c1-4350-a88b-8b3bcf38afca-medium.png","largeIconUri":"/15807167105741385708/Nb18e9977-72ef-4a47-83e0-d7cbaa079f8b-large.png","wideIconUri":"/15807167105741385708/N8e980da3-5f66-4285-81e5-d329fc07c678-wide.png"},"connectionReferences":{"42807617-6475-4998-9d4a-c73e131ca75a":{"id":"d266a6cb-b2df-4988-ac3a-d6e467fa4bdc","displayName":"SharePoint","iconUri":"https://connectoricons-prod.azureedge.net/sharepointonline/icon_1.0.1329.1956.png","dataSources":["Documents","Pictures","Site Assets"],"dependencies":[],"dependents":["2f82df29-223b-4bf5-923d-50f30e72d332","e0019f49-5991-48d5-8217-3ea71f7442ad","d7c25139-751a-41b0-9dd2-9727581b4ea7"],"parameterHints":{},"isOnPremiseConnection":false,"bypassConsent":false,"dataSets":{"https://livelovelife.sharepoint.com/msm":{"dataSources":{"Documents":{"tableName":"f08dde62-cb81-487e-9f14-730bf2a0664d"},"Pictures":{"tableName":"Pictures"},"Site Assets":{"tableName":"Site Assets"}}}},"apiTier":"Standard","isCustomApiConnection":false},"2f82df29-223b-4bf5-923d-50f30e72d332":{"id":"61695f7e-0580-4d8b-b8d9-de08057806d8","displayName":"Logic flows","iconUri":"https://resourcestackdeploy.blob.core.windows.net/scripts/13276078.png","dataSources":["SharePoint_MSM_DriveItems"],"dependencies":["42807617-6475-4998-9d4a-c73e131ca75a"],"dependents":[],"parameterHints":{"workflowName":{"value":"db6de792-cfad-41a7-b19c-9da415eae1ab"},"42807617-6475-4998-9d4a-c73e131ca75a":{"value":"shared_sharepointonline"}},"isOnPremiseConnection":false,"bypassConsent":false,"dataSets":{},"apiTier":"Standard","isCustomApiConnection":false},"e0019f49-5991-48d5-8217-3ea71f7442ad":{"id":"61695f7e-0580-4d8b-b8d9-de08057806d8","displayName":"Logic flows","iconUri":"https://resourcestackdeploy.blob.core.windows.net/scripts/13276078.png","dataSources":["SharePoint_MSM_RenderListDataAsStream"],"dependencies":["42807617-6475-4998-9d4a-c73e131ca75a"],"dependents":[],"parameterHints":{"workflowName":{"value":"0283bfa3-540f-47d5-a5b1-e70c0773a4fc"},"42807617-6475-4998-9d4a-c73e131ca75a":{"value":"shared_sharepointonline"}},"isOnPremiseConnection":false,"bypassConsent":false,"dataSets":{},"apiTier":"Standard","isCustomApiConnection":false},"d7c25139-751a-41b0-9dd2-9727581b4ea7":{"id":"61695f7e-0580-4d8b-b8d9-de08057806d8","displayName":"Logic flows","iconUri":"https://resourcestackdeploy.blob.core.windows.net/scripts/13276078.png","dataSources":["SharePoint_MSM_DelegatableFields"],"dependencies":["42807617-6475-4998-9d4a-c73e131ca75a"],"dependents":[],"parameterHints":{"workflowName":{"value":"1f941d67-7a69-422f-a037-eda83772ae68"},"42807617-6475-4998-9d4a-c73e131ca75a":{"value":"shared_sharepointonline"}},"isOnPremiseConnection":false,"bypassConsent":false,"dataSets":{},"apiTier":"Standard","isCustomApiConnection":false}},"databaseReferences":{},"almMode":"Environment","performanceOptimizationEnabled":false,"canConsumeAppPass":true},"isAppComponentLibrary":false,"appType":"ClassicCanvasApp","appComponents":[]}}