{"schemaVersion":"1.0","appDefinitionTemplate":{"id":"/providers/Microsoft.PowerApps/apps/","type":"Microsoft.PowerApps/apps","tags":{"primaryDeviceWidth":"1366","primaryDeviceHeight":"768","sienaVersion":"20200610T213453Z-3.20054.14.0","deviceCapabilities":"","supportsPortrait":"false","supportsLandscape":"true","primaryFormFactor":"Tablet","publisherVersion":"3.20054.14","minimumRequiredApiVersion":"2.2.0","hasComponent":"false","hasUnlockedComponent":"false","isUnifiedRootApp":"false"},"properties":{"appVersion":"2020-06-10T21:34:53Z","lifeCycleId":"Published","createdByClientVersion":{"major":3,"minor":20054,"build":14,"revision":0,"majorRevision":0,"minorRevision":0},"minClientVersion":{"major":3,"minor":20054,"build":14,"revision":0,"majorRevision":0,"minorRevision":0},"backgroundColor":"rgba(76, 74, 72, 1)","backgroundImageUri":"/15807167105741385708/N0facb6e5-b5e3-479e-bca3-67919441c16b-logoSmallFile","displayName":"All Things 365 MSM Showcase","description":"","commitMessage":"","appUris":{"documentUri":{"value":"/15807167105741385708/Ndcb7dcda-c8b6-48a9-a59f-f961c8780a97-document.msapp","readonlyValue":"/15807167105741385708/Ndcb7dcda-c8b6-48a9-a59f-f961c8780a97-document.msapp"},"imageUris":[]},"createdTime":"0001-01-01T00:00:00Z","lastModifiedTime":"0001-01-01T00:00:00Z","sharedGroupsCount":0,"sharedUsersCount":0,"icons":{"smallIconUri":"/15807167105741385708/Nd516a07c-a20d-4700-a988-214a58d7c17b-small.png","mediumIconUri":"/15807167105741385708/N8583a1b2-51c3-43c8-99c8-6a84aaf1109d-medium.png","largeIconUri":"/15807167105741385708/N4835aaf8-6575-4e33-a295-07740dd7fd82-large.png","wideIconUri":"/15807167105741385708/Nd1554d63-dfa6-4b8d-b2e9-5abd69a572da-wide.png"},"connectionReferences":{"42807617-6475-4998-9d4a-c73e131ca75a":{"id":"d266a6cb-b2df-4988-ac3a-d6e467fa4bdc","displayName":"SharePoint","iconUri":"https://connectoricons-prod.azureedge.net/sharepointonline/icon_1.0.1355.2023.png","dataSources":["Documents","Pictures","Site Assets"],"dependencies":[],"dependents":["2f82df29-223b-4bf5-923d-50f30e72d332","8426cce5-a6dc-4d52-b98c-59131f6f02ee"],"parameterHints":{},"isOnPremiseConnection":false,"bypassConsent":false,"dataSets":{"https://livelovelife.sharepoint.com/msm":{"dataSources":{"Documents":{"tableName":"f08dde62-cb81-487e-9f14-730bf2a0664d"},"Pictures":{"tableName":"Pictures"},"Site Assets":{"tableName":"Site Assets"}}}},"apiTier":"Standard","isCustomApiConnection":false},"2f82df29-223b-4bf5-923d-50f30e72d332":{"id":"61695f7e-0580-4d8b-b8d9-de08057806d8","displayName":"Logic flows","iconUri":"https://resourcestackdeploy.blob.core.windows.net/scripts/13276078.png","dataSources":["SharePoint_MSM_DriveItems"],"dependencies":["42807617-6475-4998-9d4a-c73e131ca75a"],"dependents":[],"parameterHints":{"workflowName":{"value":"db6de792-cfad-41a7-b19c-9da415eae1ab"},"42807617-6475-4998-9d4a-c73e131ca75a":{"value":"shared_sharepointonline"}},"isOnPremiseConnection":false,"bypassConsent":false,"dataSets":{},"apiTier":"Standard","isCustomApiConnection":false},"8426cce5-a6dc-4d52-b98c-59131f6f02ee":{"id":"61695f7e-0580-4d8b-b8d9-de08057806d8","displayName":"Logic flows","iconUri":"https://resourcestackdeploy.blob.core.windows.net/scripts/13276078.png","dataSources":["SharePoint_MSM_RenderListDataAsStream"],"dependencies":["42807617-6475-4998-9d4a-c73e131ca75a"],"dependents":[],"parameterHints":{"workflowName":{"value":"a3b6caf7-ac83-4e58-b7f8-d6fb650ea9e7"},"42807617-6475-4998-9d4a-c73e131ca75a":{"value":"shared_sharepointonline"}},"isOnPremiseConnection":false,"bypassConsent":false,"dataSets":{},"apiTier":"Standard","isCustomApiConnection":false}},"databaseReferences":{},"almMode":"Environment","performanceOptimizationEnabled":false,"canConsumeAppPass":true},"isAppComponentLibrary":false,"appType":"ClassicCanvasApp","appComponents":[]}}