{"name":"f4bb2258-d44f-43c5-b7b7-3a2957d38a90","id":"/providers/Microsoft.Flow/flows/f4bb2258-d44f-43c5-b7b7-3a2957d38a90","type":"Microsoft.Flow/flows","properties":{"apiId":"/providers/Microsoft.PowerApps/apis/shared_logicflows","displayName":"AllThings365_RenderListDataAsStream_Metadata","definition":{"metadata":{"workflowEntityId":null,"creator":{"id":"cde2f6ec-1160-4c6b-aea2-666af8a79bf6","type":"User","tenantId":"6298d0a5-0e67-439e-8f40-a39ab6f8b9ec"},"provisioningMethod":"FromDefinition","failureAlertSubscription":true,"clientLastModifiedTime":"2020-04-10T02:29:44.0477854Z"},"$schema":"https://schema.management.azure.com/providers/Microsoft.Logic/schemas/2016-06-01/workflowdefinition.json#","contentVersion":"1.0.0.0","parameters":{"$connections":{"defaultValue":{},"type":"Object"},"$authentication":{"defaultValue":{},"type":"SecureObject"}},"triggers":{"manual":{"type":"Request","kind":"PowerApp","inputs":{"schema":{"type":"object","properties":{"WebUrl_Value":{"type":"string","description":"Enter initial value","x-ms-powerflows-param-ispartial":false},"ListUrl_Value":{"type":"string","description":"Enter initial value","x-ms-powerflows-param-ispartial":false},"ListTitle_Value":{"type":"string","description":"Enter initial value","x-ms-powerflows-param-ispartial":false},"NextHref_Value":{"type":"string","description":"Enter initial value","x-ms-powerflows-param-ispartial":false}},"required":["WebUrl_Value","ListUrl_Value","ListTitle_Value","NextHref_Value"]}}}},"actions":{"Flow_Input_Parameters_Insight":{"runAfter":{},"type":"InitializeVariable","inputs":{"variables":[{"name":"Insight","type":"string","value":"'SendanHTTPrequesttoSharePoint-RenderListDataAsStream_Uri'\n\n\"NextHref_Value\"\n===============================================\nThe \"NextHref\" variable is set and determined by the value of the 'NextHref_Value' parameter passed to this Flow when it is instantiated.  \n\nBased on the value passed to the Flow when it is instantiated for this parameter the \"NextHref\" variable is set to either fetch the 1st page of results returned by the RenderListDataAsStream action or alternatively subsequent pages of result sets. When the \"NextHref\" variable is initialized its value is set and used as the query string parameter when the RenderListDataAsStream REST API is invoked in a subsequent step in the Flow."}]}},"WebUrl":{"runAfter":{"Flow_Input_Parameters_Insight":["Succeeded"]},"type":"InitializeVariable","inputs":{"variables":[{"name":"WebUrl","type":"string","value":"@{triggerBody()['WebUrl_Value']}"}]}},"ListUrl":{"runAfter":{"WebUrl":["Succeeded"]},"type":"InitializeVariable","inputs":{"variables":[{"name":"ListUrl","type":"string","value":"@{triggerBody()['ListUrl_Value']}"}]}},"ListTitle":{"runAfter":{"ListUrl":["Succeeded"]},"type":"InitializeVariable","inputs":{"variables":[{"name":"ListTitle","type":"string","value":"@{triggerBody()['ListTitle_Value']}"}]}},"NextHref":{"runAfter":{"ListTitle":["Succeeded"]},"type":"InitializeVariable","inputs":{"variables":[{"name":"NextHref","type":"string"}]}},"RenderOptions":{"runAfter":{"Condition_-_Paging":["Succeeded"]},"type":"InitializeVariable","inputs":{"variables":[{"name":"RenderOptions","type":"integer","value":4103}]},"description":"https://docs.microsoft.com/en-us/sharepoint/dev/sp-add-ins/working-with-lists-and-list-items-with-rest#sprenderlistdataoptions-options"},"DatesInUtc":{"runAfter":{"RenderOptions":["Succeeded"]},"type":"InitializeVariable","inputs":{"variables":[{"name":"DatesInUtc","type":"boolean","value":true}]}},"OrderBy":{"runAfter":{"DatesInUtc":["Succeeded"]},"type":"InitializeVariable","inputs":{"variables":[{"name":"OrderBy","type":"string","value":"            <OrderBy>                \n                <FieldRef Name=\\\"ID\\\" Ascending=\\\"True\\\" />\n            </OrderBy>"}]}},"PageSize":{"runAfter":{"OrderBy":["Succeeded"]},"type":"InitializeVariable","inputs":{"variables":[{"name":"PageSize","type":"integer","value":5000}]}},"Send_an_HTTP_request_to_SharePoint_-_RenderListDataAsStream":{"runAfter":{"ViewXML":["Succeeded"]},"metadata":{"flowSystemMetadata":{"swaggerOperationId":"HttpRequest"}},"type":"ApiConnection","inputs":{"host":{"connection":{"name":"@json(decodeBase64(triggerOutputs().headers['X-MS-APIM-Tokens']))['$connections']['shared_sharepointonline']['connectionId']"},"api":{"runtimeUrl":"https://flow-apim-europe-001-francecentral-01.azure-apim.net/apim/sharepointonline"}},"method":"post","body":{"method":"POST","uri":"_api/web/lists/GetbyTitle('@{variables('ListTitle')}')/RenderListDataAsStream@{variables('NextHref')}","headers":{"Accept":"application/json;odata=verbose"},"body":"{\n    \"parameters\": {\n        \"RenderOptions\": @{variables('RenderOptions')},\n        \"DatesInUtc\": \"@{variables('DatesInUtc')}\",\n        \"ViewXml\": \"@{variables('ViewXML')}\"\n    }\n}"},"path":"/datasets/@{encodeURIComponent(encodeURIComponent(variables('WebUrl')))}/httprequest","authentication":{"type":"Raw","value":"@json(decodeBase64(triggerOutputs().headers['X-MS-APIM-Tokens']))['$ConnectionKey']"}}},"ViewXML":{"runAfter":{"PageSize":["Succeeded"]},"type":"InitializeVariable","inputs":{"variables":[{"name":"ViewXML","type":"string","value":"\n        <View Scope=\\\"RecursiveAll\\\">\t\n            <ViewFields>\n                    <FieldRef Name=\\\"ID\\\" />\n                    <FieldRef Name=\\\"ContentType\\\" />\n                    <FieldRef Name=\\\"Title\\\" />\n                    <FieldRef Name=\\\"FileLeafRef\\\" />\n                    <FieldRef Name=\\\"File_x0020_Type\\\" />\n                    <FieldRef Name=\\\"DocIcon\\\" />\n                    <FieldRef Name=\\\"FileSizeDisplay\\\" />\n                    <FieldRef Name=\\\"SMTotalSize\\\" />\n                    <FieldRef Name=\\\"FileRef\\\" />\n                    <FieldRef Name=\\\"FileDirRef\\\" />\n                    <FieldRef Name=\\\"ServerUrl\\\" />\n                    <FieldRef Name=\\\"EncodedAbsUrl\\\" />\n                    <FieldRef Name=\\\"Created\\\" />\n                    <FieldRef Name=\\\"Created_x0020_Date\\\" />\n                    <FieldRef Name=\\\"Author\\\" />\n                    <FieldRef Name=\\\"Modified\\\" />\n                    <FieldRef Name=\\\"Last_x0020_Modified\\\" />\n                    <FieldRef Name=\\\"Editor\\\" />\n                    <FieldRef Name=\\\"MediaServiceMetadata\\\" />\n                    <FieldRef Name=\\\"ItemChildCount\\\" />\n                    <FieldRef Name=\\\"FolderChildCount\\\" />\n                    <FieldRef Name=\\\"SMTotalFileCount\\\" />\n                    <FieldRef Name=\\\"_UIVersionString\\\" />\n                    <FieldRef Name=\\\"GUID\\\" />\n                    <FieldRef Name=\\\"ParentVersionString\\\" />\n                    <FieldRef Name=\\\"ParentLeafName\\\" />\n                    <FieldRef Name=\\\"ParentUniqueId\\\" />\n            </ViewFields>\n@{variables('OrderBy')}\n            <RowLimit>@{variables('PageSize')}</RowLimit>\n        </View>"}]}},"Condition_-_Paging":{"actions":{"NextHref_-_First_Page":{"runAfter":{},"type":"SetVariable","inputs":{"name":"NextHref","value":"?$Paged=TRUE&p_ID=1&PageFirstRow=1"}}},"runAfter":{"NextHref":["Succeeded"]},"else":{"actions":{"NextHref_-_Next_Page":{"runAfter":{},"type":"SetVariable","inputs":{"name":"NextHref","value":"@{triggerBody()['NextHref_Value']}"}}}},"expression":{"equals":["@toUpper( triggerBody()['NextHref_Value'])","FALSE"]},"type":"If"},"Fields_To_Return":{"runAfter":{"Send_an_HTTP_request_to_SharePoint_-_RenderListDataAsStream":["Succeeded"]},"type":"Select","inputs":{"from":"@array(body('Send_an_HTTP_request_to_SharePoint_-_RenderListDataAsStream')['ListData']['Row'])","select":{"ID":"@item()['ID']","ContentType":"@item()?['ContentType']","Title":"@if( empty( item()['Title'] ), item()['FileLeafRef.Name'], item()['Title'] )","FileLeafRef":"@item()['FileLeafRef']","URIs":"@json( concat( '{',\n' \"HttpRoot\": \"', body('Send_an_HTTP_request_to_SharePoint_-_RenderListDataAsStream')['HttpRoot'], '\", ', \n' \"WebUrl\": \"', body('Send_an_HTTP_request_to_SharePoint_-_RenderListDataAsStream')['WebUrl'], '\", ', \n' \"ListUrl\": \"', body('Send_an_HTTP_request_to_SharePoint_-_RenderListDataAsStream')['ListUrl'], '\", ',\n' \"ListUrlDir\": \"', body('Send_an_HTTP_request_to_SharePoint_-_RenderListDataAsStream')['listUrlDir'], '\", ',\n' \"FileDirRef\": \"', item()['FileDirRef'], '\", ',\n' }' ) )","Counters":"@json( concat( '{', \n' \"ItemChildCount\": \"', item()['ItemChildCount'], '\", ', \n' \"FolderChildCount\": \"', item()['FolderChildCount'], '\", ', \n' \"SMTotalFileCount\": \"', item()['SMTotalFileCount'], '\", ',\n' }' ) )","Properties":"@json( concat( '{',\n' \"Name\": \"', item()['FileLeafRef.Name'], '\", ', \n' \"Suffix\": \"', item()['FileLeafRef.Suffix'], '\", ', \n' \"FileType\": \"', item()['File_x0020_Type'], '\", ',\n' \"FileRef\": \"', item()['FileRef'], '\", ',\n' \"FileRefEncodedAsUrl\": \"', item()['FileRef.urlencoding'], '\", ',\n' \"Size\": \"', item()['File_x0020_Size'], '\", ',\n' \"Version\": \"', item()['_UIVersionString'], '\", ',\n' \"HTMLFileType\": \"', item()['HTML_x0020_File_x0020_Type.File_x0020_Type.mapall'], '\", ',\n' \"GUID\": \"', item()['GUID'], '\", ',\n' \"ParentUniqueId\": \"', item()['ParentUniqueId'], '\", ',\n' }' ) )","Created":"@item()['Created']","CreatedBy":"@item()['Author']","Author.Picture":"@item()['Author.picture']","Modified":"@item()['Modified']","ModifiedBy":"@item()['Editor']","Editor.Picture":"@item()['Editor.picture']","MediaServiceMetadata":"@if(empty(item()['MediaServiceMetadata']),'',json( item()['MediaServiceMetadata'] ))","NextHref":"@if( greaterOrEquals(body('Send_an_HTTP_request_to_SharePoint_-_RenderListDataAsStream')['ListData']['LastRow'], int(body('Send_an_HTTP_request_to_SharePoint_-_RenderListDataAsStream')['ListSchema']['ItemCount'])), '', concat('?SortField=ID&$Paged=TRUE&p_ID=', add(int(last(array(body('Send_an_HTTP_request_to_SharePoint_-_RenderListDataAsStream')['ListData']['Row']))?['ID']),1),'&PageFirstRow=',add(int(body('Send_an_HTTP_request_to_SharePoint_-_RenderListDataAsStream')['ListData']?['LastRow']),1),'&$top=', string(variables('PageSize'))))"}}},"Response":{"runAfter":{"Fields_To_Return":["Succeeded"]},"type":"Response","kind":"Http","inputs":{"statusCode":200,"body":"@body('Fields_To_Return')","schema":{"type":"array","items":{"type":"object","properties":{"ID":{"type":"string"},"ContentType":{"type":"string"},"Title":{"type":"string"},"FileName":{"type":"string"},"URIs":{"type":"object","properties":{"HttpRoot":{"type":"string"},"WebUrl":{"type":"string"},"ListUrl":{"type":"string"},"ListUrlDir":{"type":"string"},"FileDirRef":{"type":"string"}}},"Counters":{"type":"object","properties":{"ItemChildCount":{"type":"integer"},"FolderChildCount":{"type":"integer"},"SMTotalFileCount":{"type":"integer"}}},"Properties":{"type":"object","properties":{"Name":{"type":"string"},"Suffix":{"type":"string"},"FileType":{"type":"string"},"FileRef":{"type":"string"},"FileRefEncodedAsUrl":{"type":"string"},"Size":{"type":"integer"},"Version":{"type":"number"},"HTMLFileType":{"type":"string"},"GUID":{"type":"string"},"ListGUID":{"type":"string"},"ParentUniqueId":{"type":"string"}}},"Created":{"type":"string"},"CreatedBy":{"type":"array","items":{"type":"object","properties":{"id":{"type":"string"},"title":{"type":"string"},"email":{"type":"string"},"sip":{"type":"string"},"picture":{"type":"string"}},"required":[]}},"Author.Picture":{"type":"string"},"Modified":{"type":"string"},"ModifiedBy":{"type":"array","items":{"type":"object","properties":{"id":{"type":"string"},"title":{"type":"string"},"email":{"type":"string"},"sip":{"type":"string"},"picture":{"type":"string"}},"required":[]}},"Editor.Picture":{"type":"string"},"MediaServiceMetadata":{"type":"object","properties":{"ctag":{"type":"string"},"generationTime":{"type":"string"},"lastStreamUpdateTime":{"type":"string"},"modules":{"type":"array","items":{"type":"object","properties":{"module":{"type":"string"},"version":{"type":"integer"}},"required":[]}},"media":{"type":"object","properties":{"author":{"type":"array","items":{"type":"string"}},"keywords":{"type":"array","items":{"type":"string"}},"copyright":{"type":"string"},"title":{"type":"string"}}},"address":{"type":"object","properties":{"City":{"type":"string"},"State":{"type":"string"},"Country":{"type":"string"},"EnglishAddress":{"type":"string"},"LocalizedAddress":{"type":"string"}}},"location":{"type":"object","properties":{"altitude":{"type":"number"},"latitude":{"type":"number"},"longitude":{"type":"number"}}},"photo":{"type":"object","properties":{"cameraManufacturer":{"type":"string"},"cameraModel":{"type":"string"},"dateTaken":{"type":"string"},"exposureTimeNumerator":{"type":"integer"},"exposureTimeDenominator":{"type":"integer"},"fNumber":{"type":"number"},"focalLength":{"type":"number"},"width":{"type":"integer"},"orientation":{"type":"integer"},"isoSpeed":{"type":"integer"},"height":{"type":"integer"}}},"tags":{"type":"array","items":{"type":"object","properties":{"name":{"type":"string"},"localizedName":{},"confidence":{"type":"number"}},"required":[]}}}},"NextHref":{"type":"string"}},"required":[]}}}}}},"connectionReferences":{"shared_sharepointonline":{"connectionName":"shared-sharepointonl-068e0ebe-8033-4a49-9d6d-7fa2d29576ee","source":"Invoker","id":"/providers/Microsoft.PowerApps/apis/shared_sharepointonline","tier":"NotSpecified"}},"flowFailureAlertSubscribed":false}}